"","Team","Games","Win","Loss","Off.Rank","Off.Plays","Off.Yards","Off.Yards.Play","Off.TDs","Off.Yards.per.Game","Def.Rank","Def.Plays","Yards.Allowed","Yards.Play.Allowed","Off.TDs.Allowed","Total.TDs.Allowed","Yards.Per.Game.Allowed","First.Down.Rank","First.Down.Runs","First.Down.Passes","First.Down.Penalties","First.Downs","First.Down.Def.Rank","Opp.First.Down.Runs","Opp.First.Down.Passes","Opp.First.Down.Penalties","Opp.First.Downs","X4th.Down.Rank","X4th.Attempts","X4th.Conversions","X4th.Percent","X4rd.Down.Def.Rank","Opp.4th.Conversion","Opp.4th.Attempt","Opponent.4th.Percent","Kickoff.Return.Rank","Kickoffs.Returned","Kickoff.Return.Yards","Kickoff.Return.Touchdowns","Avg.Yard.per.Kickoff.Return","...40","Kickoff.Return.Def.Rank","Opp.Kickoff.Returns","Kickoff.Touchbacks","Opponent.Kickoff.Return.Yards","Opp.Kickoff.Return.Touchdowns.Allowed","Avg.Yards.per.Kickoff.Return.Allowed","Passing.Off.Rank","Pass.Attempts","Pass.Completions","Interceptions.Thrown.x","Pass.Yards","Pass.Yards.Attempt","Yards.Completion","Pass.Touchdowns","Pass.Yards.Per.Game","Pass.Def.Rank","Opp.Completions.Allowed","Opp.Pass.Attempts","Opp.Pass.Yds.Allowed","Opp.Pass.TDs.Allowed","Yards.Attempt.Allowed","Yards.Completion.Allowed","Pass.Yards.Per.Game.Allowed","Penalty.Rank","Penalties","Penalty.Yards","Penalty.Yards.Per.Game","Punt.Return.Rank","Punt.Returns","Net.Punt.Return.Yards","Punt.Return.Touchdowns","Avg.Yards.Per.Punt.Return","Punt.Return.Def.Rank","Opp.Punt.Returns","Opp.Net.Punt.Return.Yards","Opp.Punt.Return.Touchdowns.Allowed","Avg.Yards.Allowed.per.Punt.Return","Redzone.Off.Rank","Redzone.Attempts","Redzone.Rush.TD","Redzone.Pass.TD","Redzone.Field.Goals.Made","Redzone.Scores","Redzone.Points","Redzone.Def.Rank","Opp.Redzone.Attempts","Opp.Redzone.Rush.TD.Allowed","Opp.Redzone.Pass.Touchdowns.Allowed","Opp.Redzone.Field.Goals.Made","Opp.Redzone.Scores","Redzone.Points.Allowed","Rushing.Off.Rank","Rush.Attempts","Rush.Yds","Yards.Rush","Rushing.TD","Rushing.Yards.per.Game","Rushing.Def.Rank","Opp.Rush.Attempts","Opp.Rush.Yards.Alloweed","Yds.Rush.Allowed","Opp.Rush.Touchdowns.Allowed","Rush.Yards.Per.Game.Allowed","Sack.Rank","Sacks","Sack.Yards","Average.Sacks.per.Game","Scoring.Def.Rank","Touchdowns.Allowed","Opponent.Extra.Points","X2.Point.Conversions.Allowed","Opp.Deflected.Extra.Points","Opp.Feild.Goals.Made","Opp.Safety","Points.Allowed","Avg.Points.per.Game.Allowed","Scoring.Off.Rank","Touchdowns","PAT","X2.Point.Conversions","Defensive.Points","Feild.Goals","Safety","Total.Points","Points.Per.Game","Tackle.for.Loss.Rank","Solo.Tackle.For.Loss","Assist.Tackle.For.Loss","Tackle.for.Loss.Yards","Total.Tackle.For.Loss","Tackle.For.Loss.Per.Game","X3rd.Down.Rank","X3rd.Attempts","X3rd.Conversions","X3rd.Percent","X3rd.Down.Def.Rank","Opp.3rd.Conversion","Opp.3rd.Attempt","Opponent.3rd.Percent","Time.of.Possession.Rank","Time.of.Possession","Average.Time.of.Possession.per.Game","Turnover.Rank","Fumbles.Recovered","Opponents.Intercepted","Turnovers.Gain","Fumbles.Lost","Interceptions.Thrown.y","Turnovers.Lost","Turnover.Margin","Avg.Turnover.Margin.per.Game","CONF","G","W","ADJOE","ADJDE","BARTHAG","EFG_O","EFG_D","TOR","TORD","ORB","DRB","FTR","FTRD","X2P_O","X2P_D","X3P_O","X3P_D","ADJ_T","WAB","POSTSEASON","SEED","Private","Apps","Accept","Enroll","Top10perc","Top25perc","F.Undergrad","P.Undergrad","Outstate","Room.Board","Books","Personal","PhD","Terminal","S.F.Ratio","perc.alumni","Expend","Grad.Rate"
"1","Appalachian State University",14,13,1,39,969,6064,6.26,65,433.1,26,940,4705,5.01,34,35,336.1,51,97,133,28,258,51,97,133,28,258,1,13,16,0.813,94,15,26,0.577,29,48,29,910,0,18.96,29,48,29,910,0,18.96,93,370,231,6,2824,7.63,12.23,30,201.7,35,253,455,2894,20,6.36,11.44,206.7,112,95,899,64.21,13,17,62,0,3.65,13,17,62,0,3.65,14,60,25,22,8,55,0.917,74,32,9,11,7,27,0.844,16,599,3240,5.41,35,231.4,29,485,1811,3.73,14,129.4,13,18,107,1.29,21,35,29,1,0,13,0,280,20,9,73,72,0,0,11,0,543,38.8,56,67,38,380,86,6.1,26,200,89,0.445,10,62,202,0.307,36,"   438:26","   31:19",7,10,14,24,3,6,9,15,1.07,"SB",29,11,105.5,108,0.4322,51.4,53.8,17.8,17.4,25.9,29.8,37,34.1,51.3,52.8,34.4,37.3,72.8,-13.9,NA,NA,"No",7313,4664,1910,20,63,9940,1035,6806,2540,96,2000,83,96,18.3,14,5854,70
"2","Arizona State University",13,8,5,94,842,4837,5.74,34,372.1,67,928,5113,5.51,39,39,393.3,87,94,155,24,273,87,94,155,24,273,55,9,16,0.563,80,13,24,0.542,74,37,21,779,0,21.05,74,37,21,779,0,21.05,53,383,233,4,3235,8.45,13.88,21,248.8,115,296,465,3487,24,7.5,11.78,268.2,108,85,818,62.92,69,20,154,0,7.7,69,20,154,0,7.7,16,45,12,8,21,41,0.911,36,39,14,14,3,31,0.795,115,459,1602,3.49,13,123.2,26,463,1626,3.51,15,125.1,103,33,182,2.54,35,39,39,0,0,6,0,291,22.4,96,36,29,4,0,23,0,322,24.8,79,59,30,317,74,5.7,83,187,72,0.385,86,79,192,0.411,86,"   379:57","   29:13",6,15,13,28,10,4,14,14,1.08,"P12",34,23,108.7,97.6,0.775,50.6,48.5,18.7,19,31.7,26.9,43.8,38.6,50.8,47.3,33.6,33.4,71.9,0.1,"R64",11,"No",12809,10308,3761,24,49,22593,7585,7434,4850,700,2100,88,93,18.9,5,4602,48
"3","University of Arkansas",12,2,10,111,783,4081,5.21,28,340.1,110,827,5408,6.54,54,57,450.7,80,121,130,20,271,80,121,130,20,271,106,8,20,0.4,88,9,16,0.563,10,14,28,242,0,17.29,10,14,28,242,0,17.29,103,407,202,15,2315,5.69,11.46,14,192.9,69,227,341,2750,25,8.06,12.11,229.2,14,61,492,41,20,6,27,0,4.5,20,6,27,0,4.5,114,32,9,8,7,24,0.75,100,47,20,13,8,41,0.872,85,376,1766,4.7,14,147.2,122,486,2658,5.47,29,221.5,31,19,128,1.58,124,57,55,0,0,15,0,442,36.8,110,31,29,0,0,14,0,257,21.4,103,45,32,203,61,5.1,113,165,55,0.333,116,71,156,0.455,111,"   333:26","   27:47",97,10,6,16,6,15,21,-5,-0.42,"SEC",34,18,109.3,96.7,0.8046,51,49.4,18.3,22.5,28.3,34.8,38.4,41.7,50.6,48.9,34.5,33.3,71.9,-2.2,NA,NA,"No",3235,3108,2133,25,65,9978,1530,5028,3300,500,2000,73,89,14.8,10,6820,39
"4","Auburn University",13,9,4,64,947,5285,5.58,51,406.5,28,905,4381,4.84,31,32,337,42,96,120,33,249,42,96,120,33,249,88,7,15,0.467,18,10,25,0.4,96,20,48,446,1,22.3,96,20,48,446,1,22.3,87,397,229,6,2697,6.79,11.78,20,207.5,47,264,453,2780,21,6.14,10.53,213.8,74,92,718,55.23,130,14,242,0,17.29,130,14,242,0,17.29,21,52,27,10,10,47,0.904,8,39,9,12,7,28,0.718,33,550,2588,4.71,31,199.1,25,452,1601,3.54,10,123.2,18,18,136,1.38,17,32,29,0,0,11,0,254,19.5,28,54,52,1,0,18,0,432,33.2,19,73,42,318,94,7.2,60,190,77,0.405,8,58,194,0.299,73,"   385:10","   29:37",27,13,10,23,11,6,17,6,0.46,"SEC",39,30,121.3,95.2,0.942,54.4,51.7,16.8,24.6,31.6,32.8,30.9,36.4,51.7,51.4,38.1,34.8,69.3,6.1,"F4",5,"No",7548,6791,3070,25,57,16262,1716,6300,3933,600,1908,85,91,16.7,18,6642,69
"5","Baylor University",14,11,3,52,948,5901,6.22,59,421.5,39,1032,5046,4.89,31,32,360.4,105,114,148,21,283,105,114,148,21,283,106,6,15,0.4,94,15,26,0.577,35,37,42,713,1,19.27,35,37,42,713,1,19.27,44,444,277,8,3571,8.04,12.89,24,255.1,49,292,485,3046,15,6.28,10.43,217.6,77,91,778,55.57,38,10,60,0,6,38,10,60,0,6,24,59,28,11,14,53,0.898,68,50,12,13,17,42,0.84,61,504,2330,4.62,35,166.4,49,547,2000,3.66,16,142.9,108,38,234,2.71,19,32,28,0,0,19,0,277,19.8,27,61,57,0,0,16,0,471,33.6,18,74,56,382,102,7.3,45,180,75,0.417,58,90,232,0.388,102,"   396:37","   28:19",11,13,17,30,11,8,19,11,0.79,"B12",34,20,114.6,99.2,0.84,51.2,49.1,19.7,18.6,37.9,29.4,32.3,36.5,51.2,47.5,34.1,34.5,66.6,0.9,"R32",9,"Yes",6075,5349,2367,34,66,9919,484,6450,3920,600,1346,71,76,18.5,38,7503,72
"6","Bowling Green State University",12,3,9,120,839,3829,4.56,24,319.1,117,798,5606,7.03,60,62,467.2,51,124,114,20,258,51,124,114,20,258,129,7,32,0.219,48,8,17,0.471,52,32,7,642,0,20.06,52,32,7,642,0,20.06,120,337,189,15,1888,5.6,9.99,9,157.3,64,198,297,2692,24,9.06,13.6,224.3,88,84,710,59.17,54,17,116,0,6.82,54,17,116,0,6.82,127,36,14,6,5,25,0.694,71,51,24,10,9,43,0.843,65,502,1941,3.87,15,161.8,126,501,2914,5.82,36,242.8,9,14,122,1.17,126,62,61,0,0,10,0,463,38.6,128,25,22,0,0,6,1,192,16,98,48,28,280,62,5.2,116,184,61,0.332,105,69,156,0.442,83,"   351:54","   29:19",103,8,7,15,6,15,21,-6,-0.5,"MAC",32,22,107.5,102,0.6466,50.5,50.8,16.6,17.8,30.7,24.8,34.9,31.1,48.8,50,35.8,34.6,71.5,-4.3,NA,NA,"No",9251,7333,3076,14,45,13699,1213,7452,3352,600,1700,81,89,21.1,14,6918,67
"7","SUNY at Buffalo",13,8,5,82,937,5051,5.39,50,388.5,7,780,3795,4.87,33,35,291.9,5,75,105,19,199,5,75,105,19,199,22,16,25,0.64,28,14,33,0.424,68,37,28,772,0,20.86,68,37,28,772,0,20.86,122,278,150,6,1795,6.46,11.97,14,138.1,22,206,352,2571,18,7.3,12.48,197.8,22,64,580,44.62,104,15,165,0,11,104,15,165,0,11,18,55,31,10,9,50,0.909,5,41,14,6,8,28,0.683,10,659,3256,4.94,36,250.5,4,428,1224,2.86,15,94.2,2,8,59,0.62,26,35,31,0,0,12,0,277,21.3,46,54,50,0,0,11,1,409,31.5,68,62,30,301,77,5.9,25,194,87,0.448,25,60,178,0.337,5,"   443:39","   34:07",19,11,11,22,8,6,14,8,0.62,"MAC",35,32,113.6,95.3,0.8819,53.4,47.3,16,20.3,31.7,26.9,32.7,31.9,55.7,49.3,33.7,29.3,74.9,5.5,"R32",6,"No",15039,9649,3087,36,100,13963,3124,6550,4731,708,957,90,97,13.6,15,11177,56
"8","Brigham Young University",13,7,6,28,933,5769,6.18,45,443.8,68,914,5116,5.6,36,40,393.5,73,123,127,17,267,73,123,127,17,267,118,7,19,0.368,49,10,21,0.476,34,46,18,885,0,19.24,34,46,18,885,0,19.24,26,468,296,11,3701,7.91,12.5,20,284.7,65,254,399,2938,22,7.36,11.57,226,59,79,668,51.38,108,16,184,1,11.5,108,16,184,1,11.5,120,60,21,10,13,44,0.733,37,45,12,14,10,36,0.8,68,465,2068,4.45,25,159.1,78,515,2178,4.23,14,167.5,77,29,174,2.23,48,40,36,2,0,17,0,331,25.5,67,46,43,0,0,17,0,370,28.5,117,50,22,208,61,4.7,40,186,79,0.425,77,76,188,0.404,52,"   395:05","   30:23",57,7,15,22,10,11,21,1,0.08,"WCC",32,19,110,102.8,0.6868,52.8,50.7,15.3,17.6,23.7,27,40,35.4,54.7,48.3,33,36.6,72.7,-3.1,NA,NA,"Yes",7365,5402,4615,48,82,27378,1253,2340,3580,860,1220,76,76,20.5,40,7916,33
"9","University of California at Berkeley",13,8,5,117,841,4271,5.08,35,328.5,65,945,5076,5.37,32,32,390.5,87,99,159,15,273,87,99,159,15,273,115,6,16,0.375,93,16,28,0.571,94,27,24,599,0,22.19,94,27,24,599,0,22.19,99,365,204,9,2561,7.02,12.55,19,197,112,309,484,3434,16,7.1,11.11,264.2,12,62,528,40.62,72,22,177,0,8.05,72,22,177,0,8.05,53,35,14,11,5,30,0.857,68,50,15,12,15,42,0.84,104,476,1710,3.59,16,131.5,27,461,1642,3.56,16,126.3,124,47,277,3.62,33,32,29,1,1,20,0,285,21.9,112,35,33,0,0,11,0,276,21.2,73,63,24,323,75,5.8,93,173,65,0.376,80,79,195,0.405,78,"   381:44","   29:21",46,8,8,16,4,9,13,3,0.23,"P12",31,8,102.9,106.9,0.3925,48.6,56.9,16.5,20.5,23.3,31.4,34.8,36.1,46.5,56.7,35,38.1,68,-13.5,NA,NA,"No",19873,8252,3215,95,100,19532,2061,11648,6246,636,1933,93,97,15.8,10,13919,78
"10","University of North Carolina at Charlotte",13,7,6,56,848,5388,6.35,50,414.5,59,824,4952,6.01,50,56,380.9,46,125,109,18,252,46,125,109,18,252,51,13,23,0.565,129,15,19,0.789,123,23,30,589,2,25.61,123,23,30,589,2,25.61,84,321,195,14,2749,8.56,14.1,24,211.5,14,195,314,2457,23,7.82,12.6,189,30,68,594,45.69,116,19,238,3,12.53,116,19,238,3,12.53,35,43,22,10,6,38,0.884,43,52,21,14,7,42,0.808,31,527,2639,5.01,26,203,97,510,2495,4.89,27,191.9,32,21,121,1.62,103,56,51,2,0,10,0,421,32.4,59,52,42,2,0,10,0,388,29.8,33,67,38,322,86,6.6,49,155,64,0.413,92,68,163,0.417,24,"   415:53","   31:59",90,6,9,15,5,14,19,-4,-0.31,"CUSA",29,8,95,107.7,0.1916,48.1,51.3,22,17.9,22.3,26.4,36.3,32.6,49.2,49.9,31.1,35.5,65.9,-15.4,NA,NA,"No",5803,4441,1730,19,62,10099,3255,7248,3109,600,1900,79,91,16.8,7,6227,62
"11","University of Cincinnati",14,11,3,80,993,5464,5.5,49,390.3,40,987,5060,5.13,32,34,361.4,101,114,127,38,279,101,114,127,38,279,21,11,17,0.647,2,5,19,0.263,60,52,15,1059,1,20.37,60,52,15,1059,1,20.37,107,377,208,11,2552,6.77,12.27,19,182.3,60,233,452,3119,17,6.9,13.39,222.8,122,123,977,69.79,24,18,89,0,4.94,24,18,89,0,4.94,69,65,27,16,11,54,0.831,12,51,11,11,15,37,0.725,25,616,2912,4.73,30,208,44,535,1941,3.63,15,138.6,99,35,234,2.5,24,34,28,1,0,18,0,288,20.6,60,52,51,1,1,16,0,415,29.6,29,77,38,359,96,6.9,31,212,92,0.434,55,81,212,0.382,26,"   445:42","   31:50",31,10,16,26,9,11,20,6,0.43,"Amer",35,28,112.3,93.8,0.8871,49,48.6,16,20.9,37.4,29.3,37.6,30.5,47.6,45.1,34.5,35.5,65,5.8,"R64",7,"No",6855,5553,2408,26,57,11036,2011,8907,4697,556,1851,89,95,10.8,6,13889,54
"12","Clemson University",15,14,1,5,1075,7931,7.38,85,528.7,6,970,4325,4.46,24,24,288.3,12,92,108,18,218,12,92,108,18,218,77,6,12,0.5,33,10,23,0.435,13,25,83,439,0,17.56,13,25,83,439,0,17.56,23,509,326,10,4325,8.5,13.27,40,288.3,4,231,433,2584,14,5.97,11.19,172.3,29,85,684,45.6,66,9,68,0,7.56,66,9,68,0,7.56,40,67,33,18,8,59,0.881,19,33,7,7,11,25,0.758,13,566,3606,6.37,45,240.4,19,537,1741,3.24,10,116.1,11,18,142,1.2,3,24,23,0,0,12,0,203,13.5,4,88,85,2,0,14,0,659,43.9,7,87,64,504,119,7.9,27,181,80,0.442,11,71,230,0.309,61,"   453:49","   30:15",8,11,19,30,5,10,15,15,1,"ACC",34,20,107.2,90.3,0.8773,50.7,47.6,19.7,19.8,27.8,24.5,33.5,30,51.5,44.4,32.8,35,67.4,0.1,NA,NA,"No",8065,5257,2301,37,65,11755,770,8116,3610,800,1618,82,88,18,17,7597,73
"13","Colorado State University",12,4,8,34,841,5249,6.24,39,437.4,52,811,4529,5.58,42,47,377.4,31,119,91,28,238,31,119,91,28,238,69,11,21,0.524,118,15,22,0.682,128,18,36,498,1,27.67,128,18,36,498,1,27.67,14,446,280,11,3663,8.21,13.08,21,305.3,7,183,316,2179,19,6.9,11.91,181.6,113,80,785,65.42,30,17,94,0,5.53,30,17,94,0,5.53,110,46,14,12,9,35,0.761,106,43,18,10,10,38,0.884,103,395,1586,4.02,18,132.2,104,495,2350,4.75,23,195.8,81,27,180,2.25,91,47,45,1,0,15,0,374,31.2,71,42,41,1,0,14,0,337,28.1,83,55,26,257,68,5.7,70,169,67,0.396,36,60,168,0.357,63,"   362:47","   30:13",123,7,6,13,13,11,24,-11,-0.92,"MWC",31,12,106.5,107.9,0.462,54.4,53.1,17,16.2,23.9,27.1,31.9,29.5,55.5,53.5,35.2,35,68.5,-13,NA,NA,"No",9478,6312,2194,29,65,15646,1829,8412,4180,470,1800,87,89,19.2,10,7850,59
"14","Duke University",12,5,7,114,873,3956,4.53,34,329.7,56,852,4555,5.35,40,43,379.6,25,110,101,21,232,25,110,101,21,232,30,20,33,0.606,65,11,21,0.524,56,31,16,629,1,20.29,56,31,16,629,1,20.29,110,378,213,14,2152,5.69,10.1,18,179.3,24,185,353,2388,21,6.76,12.91,199,27,63,544,45.33,96,20,193,0,9.65,96,20,193,0,9.65,20,32,13,6,10,29,0.906,76,45,15,12,11,38,0.844,79,495,1804,3.64,16,150.3,87,499,2167,4.34,19,180.6,86,28,140,2.33,77,43,39,1,0,17,0,350,29.2,94,37,34,1,0,15,0,303,25.3,31,58,44,308,80,6.7,115,193,64,0.332,43,68,183,0.372,89,"   348:18","   29:01",123,8,9,17,14,14,28,-11,-0.92,"ACC",38,32,118.9,89.2,0.9646,53.6,45,17.5,19.4,35.6,29.5,33.2,24,58,45,30.8,29.9,73.6,11.2,"E8",1,"Yes",13789,3893,1583,90,98,6188,53,18590,5950,625,1162,95,96,5,44,27206,97
"15","East Carolina University",12,4,8,46,900,5162,5.74,34,430.2,119,864,5632,6.52,52,53,469.3,98,125,133,20,278,98,125,133,20,278,98,3,7,0.429,89,13,23,0.565,117,16,45,388,0,24.25,117,16,45,388,0,24.25,22,451,270,10,3466,7.69,12.84,22,288.8,108,231,371,3139,24,8.46,13.59,261.6,58,71,615,51.25,102,16,172,0,10.75,102,16,172,0,10.75,72,52,12,12,19,43,0.827,100,47,23,9,9,41,0.872,91,449,1696,3.78,12,141.3,113,493,2493,5.06,28,207.8,22,17,150,1.42,111,53,50,2,0,10,1,404,33.7,78,36,33,0,0,24,0,321,26.8,71,57,26,245,70,5.8,71,178,70,0.393,99,72,170,0.424,75,"   354:48","   29:34",53,7,11,18,7,10,17,1,0.08,"Amer",31,10,98.8,105.2,0.3273,46.1,51,19,19.5,28.2,31,35.6,41.8,47.7,52,28.4,32.9,69.9,-12.3,NA,NA,"No",9274,6362,2435,14,44,13171,1687,7248,3240,500,1700,74,78,13.2,18,9002,58
"16","Florida International University",13,6,7,91,877,4902,5.59,37,377.1,69,898,5117,5.7,42,43,393.6,95,141,110,26,277,95,141,110,26,277,61,13,24,0.542,101,12,20,0.6,86,28,42,603,1,21.54,86,28,42,603,1,21.54,83,389,223,6,2754,7.08,12.35,14,211.8,17,210,384,2535,16,6.6,12.07,195,82,79,751,57.77,1,9,-4,0,-0.44,1,9,-4,0,-0.44,108,55,20,8,14,42,0.764,116,50,21,11,13,45,0.9,63,488,2148,4.4,23,165.2,106,514,2582,5.02,26,198.6,7,14,84,1.08,63,43,37,1,0,19,0,354,27.2,83,40,37,1,0,21,1,344,26.5,96,50,36,268,68,5.2,89,184,70,0.38,67,70,178,0.393,90,"   376:34","   28:58",46,6,12,18,9,6,15,3,0.23,"CUSA",30,20,101.4,105.1,0.3994,48.9,53.1,17.7,23.4,25.7,34.4,37.9,35.4,52.2,53.6,29.3,34.8,79.1,-7.9,NA,NA,"No",3306,2079,1071,42,89,10208,9310,6597,2494,800,3028,81,96,13.9,20,6722,66
"17","University of Florida",13,11,2,45,865,5597,6.47,54,430.5,9,809,3963,4.9,23,23,304.8,8,76,121,16,213,8,76,121,16,213,25,16,26,0.615,3,3,10,0.3,53,25,53,502,0,20.08,53,25,53,502,0,20.08,16,467,317,10,3910,8.37,12.33,33,300.8,32,235,390,2627,14,6.74,11.18,202.1,36,67,618,47.54,3,7,9,0,1.29,3,7,9,0,1.29,59,54,15,22,9,46,0.852,3,35,5,9,9,23,0.657,107,398,1687,4.24,21,129.8,8,419,1336,3.19,9,102.8,58,25,178,1.92,7,23,22,1,0,13,0,201,15.5,28,55,51,0,0,17,0,432,33.2,10,69,66,447,102,7.8,53,158,65,0.411,40,67,184,0.364,60,"   393:22","   30:15",33,7,16,23,8,10,18,5,0.38,"SEC",36,20,110.3,91.6,0.8947,49.8,48.1,17.9,22.4,30.6,32.2,29.9,33.6,49.5,48.5,33.4,31.6,64.3,0.7,"R32",10,"No",12445,8836,3623,54,85,24470,3286,7090,4180,630,1530,88,97,13.4,20,14737,66
"18","Florida State University",13,6,7,60,909,5308,5.84,48,408.3,90,1039,5514,5.31,37,40,424.2,125,105,163,41,309,125,105,163,41,309,46,11,19,0.579,65,11,21,0.524,112,14,47,332,0,23.71,112,14,47,332,0,23.71,34,432,279,13,3479,8.05,12.47,24,267.6,119,308,504,3597,19,7.14,11.68,276.7,127,119,953,73.31,32,17,96,0,5.65,32,17,96,0,5.65,73,40,17,10,6,33,0.825,92,64,17,13,25,55,0.859,93,477,1829,3.83,24,140.7,54,535,1917,3.58,18,147.5,125,48,295,3.69,67,40,34,2,0,28,0,362,27.8,73,49,46,1,0,7,0,363,27.9,79,51,46,257,74,5.7,103,191,68,0.356,78,91,225,0.404,125,"   341:19","   26:15",86,10,8,18,8,13,21,-3,-0.23,"ACC",37,29,111.7,90.9,0.9146,50.5,47.2,18.9,20.3,32.8,27,35.8,35.7,50.9,45.3,33.2,33.5,70,7.6,"S16",4,"No",11651,8683,3023,50,90,18906,3242,6680,4060,600,1020,80,89,23.1,15,7250,58
"19","California State University at Fresno",12,4,8,85,767,4632,6.04,44,386,88,879,5037,5.73,44,46,419.8,63,122,121,19,262,63,122,121,19,262,89,6,13,0.462,83,15,27,0.556,100,37,22,837,1,22.62,100,37,22,837,1,22.62,70,373,241,11,2721,7.29,11.29,17,226.8,107,268,434,3110,20,7.17,11.6,259.2,67,75,634,52.83,18,12,51,0,4.25,18,12,51,0,4.25,96,54,23,11,8,42,0.778,38,56,22,14,9,45,0.804,67,394,1911,4.85,27,159.3,71,445,1927,4.33,24,160.6,55,23,158,1.92,82,46,42,2,0,13,0,361,30.1,58,46,44,1,0,12,1,360,30,92,53,22,228,64,5.3,92,146,55,0.377,96,72,171,0.421,88,"   348:25","   29:02",38,11,11,22,7,11,18,4,0.33,"MWC",31,23,107,99.1,0.7076,54.5,48.5,18.2,19.5,27.4,25.4,30.2,35,51.9,50.2,38.2,30.7,69.2,-2,NA,NA,"No",4540,3294,1483,5,60,13494,1254,7706,4368,600,1926,90,90,21.2,8,7268,61
"20","University of Georgia",14,12,2,61,940,5713,6.08,47,408.1,3,900,3860,4.29,18,20,275.7,14,69,127,26,222,14,69,127,26,222,33,6,10,0.6,1,6,23,0.261,20,14,68,252,0,18,20,14,68,252,0,18,72,415,255,6,3122,7.52,12.24,26,223,31,285,501,2815,16,5.62,9.88,201.1,47,76,685,48.93,82,12,106,0,8.83,82,12,106,0,8.83,6,56,18,18,17,53,0.946,13,26,2,11,6,19,0.731,41,525,2591,4.94,21,185.1,1,399,1045,2.62,2,74.6,5,15,96,1.07,1,20,20,0,0,12,0,176,12.6,50,50,46,2,0,27,0,431,30.8,89,59,34,349,76,5.4,51,187,77,0.412,14,66,209,0.316,18,"   451:49","   32:16",49,8,8,16,7,6,13,3,0.21,"SEC",32,11,105,100,0.6344,50.1,48.5,22.5,15.5,32.7,31,41.3,29.9,51.1,47.8,32.2,33.2,70.2,-7.4,NA,NA,"No",11220,7871,3320,43,79,19553,2748,5697,3600,525,1755,88,95,14.7,22,7881,63
"21","Georgia State University",13,7,6,31,981,5718,5.83,52,439.8,112,886,5922,6.68,60,62,455.5,112,143,126,18,287,112,143,126,18,287,81,13,27,0.481,80,13,24,0.542,111,26,41,616,0,23.69,111,26,41,616,0,23.69,98,385,238,9,2577,6.69,10.83,22,198.2,84,230,362,3093,27,8.54,13.45,237.9,17,56,557,42.85,95,15,143,0,9.53,95,15,143,0,9.53,76,56,21,17,8,46,0.821,111,55,23,17,9,49,0.891,12,596,3141,5.27,30,241.6,119,524,2829,5.4,33,217.6,24,19,145,1.46,121,62,53,2,0,14,0,471,36.2,47,53,50,1,0,12,0,406,31.2,117,51,20,221,61,4.7,20,195,89,0.456,113,81,179,0.453,74,"   385:00","   29:36",57,8,9,17,7,9,16,1,0.08,"SB",33,24,106.4,101.1,0.6418,53.7,50.3,16.4,21,23,33.8,35.4,30.9,51.2,51.2,38.1,32.8,71.3,-1.3,"R64",14,"No",3793,2341,1238,9,24,7732,9054,6744,2655,720,3450,87,89,19,10,7762,34
"22","Georgia Institute of Technology",12,3,9,127,717,3436,4.79,26,286.3,89,870,5075,5.83,45,49,422.9,80,143,106,22,271,80,143,106,22,271,85,8,17,0.471,120,13,19,0.684,69,23,3,481,0,20.91,69,23,3,481,0,20.91,124,269,124,10,1607,5.97,12.96,14,133.9,36,200,331,2492,18,7.53,12.46,207.7,15,57,493,41.08,107,30,343,1,11.43,107,30,343,1,11.43,130,27,9,5,2,16,0.593,25,62,23,13,12,48,0.774,72,448,1829,4.08,12,152.4,117,539,2583,4.79,27,215.3,86,28,182,2.33,104,49,47,0,0,16,0,389,32.4,124,27,23,2,0,3,1,200,16.7,103,52,18,205,61,5.1,125,163,49,0.301,111,80,177,0.452,121,"   320:31","   26:42",93,9,7,16,10,10,20,-4,-0.33,"ACC",32,14,99.9,95.7,0.6205,49.2,45.7,21,18.7,25.3,31.6,34.3,34.8,50.7,46.3,30.7,29.7,68.5,-4.8,NA,NA,"No",7837,4527,2276,89,99,8528,654,6489,4438,795,1164,92,92,19.3,33,11271,70
"23","University of Hawaii",15,10,5,13,1056,7065,6.69,63,471,96,1029,6470,6.29,60,61,431.3,130,156,157,28,341,130,156,157,28,341,30,20,33,0.606,43,12,26,0.462,89,30,48,654,0,21.8,89,30,48,654,0,21.8,5,635,396,17,5056,7.96,12.77,42,337.1,67,286,484,3428,23,7.08,11.99,228.5,99,103,918,61.2,123,12,165,0,13.75,123,12,165,0,13.75,70,59,19,24,6,49,0.831,84,54,26,6,14,46,0.852,100,421,2009,4.77,21,133.9,111,545,3042,5.58,37,202.8,51,27,173,1.8,98,61,59,1,0,17,0,478,31.9,24,68,64,2,0,10,1,508,33.9,126,51,20,170,61,4.1,12,186,88,0.473,87,80,194,0.412,35,"   470:30","   31:22",117,5,14,19,13,17,30,-11,-0.73,"BW",29,18,102.4,106,0.4013,52.3,50.8,17.6,17.4,26.9,24.7,31.2,32.9,52.2,50.3,35,34.5,67.5,-8.6,NA,NA,"No",3580,2603,1627,36,69,11028,2411,4460,3038,687,1281,85,87,11.8,6,12833,54
"24","Indiana University",13,8,5,41,940,5626,5.99,48,432.8,36,853,4579,5.37,37,39,352.2,41,95,117,36,248,41,95,117,36,248,92,8,18,0.444,64,12,23,0.522,50,27,43,540,0,20,50,27,43,540,0,20,15,473,321,9,3931,8.31,12.25,24,302.4,46,219,394,2778,20,7.05,12.68,213.7,111,88,830,63.85,87,7,64,0,9.14,87,7,64,0,9.14,56,62,24,15,14,53,0.855,115,38,12,12,10,34,0.895,106,467,1695,3.63,24,130.4,43,459,1801,3.92,17,138.5,67,27,148,2.08,45,39,35,2,0,14,1,317,24.4,43,51,46,2,0,19,0,413,31.8,53,66,28,299,80,6.2,15,177,83,0.469,34,62,176,0.352,7,"   438:31","   33:43",50,10,7,17,6,9,15,2,0.15,"B10",35,19,107.5,95.2,0.802,51,48.2,17.9,18.1,28.1,28.1,34.6,29.2,53.1,47.3,31.2,33.1,68.5,0,NA,NA,"No",16587,13243,5873,25,72,24763,2717,9766,3990,600,2000,77,88,21.3,24,8686,68
"25","Iowa State University",13,7,6,27,896,5776,6.45,51,444.3,45,896,4801,5.36,35,39,369.3,37,105,130,11,246,37,105,130,11,246,98,9,21,0.429,74,8,15,0.533,46,57,12,1127,1,19.77,46,57,12,1127,1,19.77,11,484,315,9,4047,8.36,12.85,29,311.3,72,279,441,2987,22,6.77,10.71,229.8,8,61,496,38.15,41,16,99,0,6.19,41,16,99,0,6.19,8,53,19,18,13,50,0.943,113,37,10,11,12,33,0.892,102,412,1729,4.2,22,133,47,455,1814,3.99,13,139.5,18,18,117,1.38,50,39,35,1,0,22,0,337,25.9,39,53,49,0,0,17,0,418,32.2,36,73,24,299,85,6.5,87,168,64,0.381,89,84,203,0.414,51,"   395:15","   30:24",86,7,6,13,7,9,16,-3,-0.23,"B12",35,23,118.4,96.6,0.912,54.7,48.4,16.3,18.8,28.3,30.1,30,23.6,55,47.1,36.2,33.6,69.1,4.3,"R64",6,"No",8427,7424,3441,26,59,18676,1715,7550,3224,640,2055,81,88,19.2,22,8420,65
"26","University of Kansas",12,3,9,90,773,4527,5.86,35,377.3,122,927,5702,6.15,54,56,475.2,125,151,138,20,309,125,151,138,20,309,121,7,20,0.35,56,8,16,0.5,62,26,15,531,0,20.42,62,26,15,531,0,20.42,66,390,235,14,2778,7.12,11.82,25,231.5,98,240,376,2994,22,7.96,12.48,249.5,52,66,601,50.08,127,18,274,1,15.22,127,18,274,1,15.22,37,34,7,13,10,30,0.882,99,61,30,13,10,53,0.869,86,383,1749,4.57,10,145.8,124,551,2708,4.91,32,225.7,55,23,152,1.92,120,56,50,0,1,15,0,433,36.1,100,36,27,3,0,11,0,282,23.5,109,52,16,236,60,5,72,166,65,0.392,128,92,176,0.523,120,"   320:40","   26:43",125,2,6,8,6,14,20,-12,-1,"B12",36,26,112.9,92.4,0.9092,52.6,47.8,18.8,18.2,30.1,27.9,32.5,27.8,52.6,46,35,33.6,71.5,8.3,"R32",4,"No",8579,5561,3681,25,50,17880,1673,6994,3384,700,2681,88,94,13.7,17,9657,57
"27","Kansas State University",13,8,5,103,841,4666,5.55,41,358.9,44,776,4789,6.17,31,31,368.4,15,96,109,19,224,15,96,109,19,224,33,9,15,0.6,23,7,17,0.412,22,33,29,597,0,18.09,22,33,29,597,0,18.09,108,303,181,5,2352,7.76,12.99,12,180.9,33,207,350,2638,12,7.54,12.74,202.9,63,77,679,52.23,117,10,126,0,12.6,117,10,126,0,12.6,1,52,28,7,15,50,0.962,130,34,14,4,15,33,0.971,47,538,2314,4.3,29,178,76,426,2151,5.05,19,165.5,58,25,128,1.92,27,31,30,1,0,20,0,278,21.4,61,47,46,0,0,19,0,385,29.6,109,54,22,269,65,5,34,174,75,0.431,2,42,150,0.28,9,"   434:52","   33:27",57,4,11,15,9,5,14,1,0.08,"B12",34,25,108,87.8,0.9151,49.4,48.2,17.4,22.8,28.3,25.7,30.6,30.7,48.9,49,33.4,31.4,64.9,6.5,"R64",4,"No",5880,4075,2833,25,55,14914,2246,6995,3120,600,2000,76,86,18.5,22,6122,54
"28","Louisiana Tech University",13,10,3,35,933,5679,6.09,48,436.8,53,941,4910,5.22,33,35,377.7,77,97,153,19,269,77,97,153,19,269,115,6,16,0.375,53,15,31,0.484,63,57,9,1171,1,20.54,63,57,9,1171,1,20.54,32,458,285,10,3490,7.62,12.25,21,268.5,90,278,463,3126,14,6.75,11.24,240.5,32,72,605,46.54,87,14,128,0,9.14,87,14,128,0,9.14,43,49,22,11,10,43,0.878,1,51,16,8,9,33,0.647,57,475,2189,4.61,27,168.4,38,478,1784,3.73,19,137.2,77,29,164,2.23,30,35,35,0,0,13,0,284,21.8,35,54,53,0,0,15,0,422,32.5,59,65,28,239,79,6.1,46,174,72,0.414,31,68,195,0.349,43,"   399:38","   30:44",26,9,17,26,9,10,19,7,0.54,"CUSA",31,20,103.3,102.1,0.5326,49.8,49.3,17,19.2,29.4,28.8,35.9,30.2,49.3,49.1,33.7,33,67,-7,NA,NA,"No",2397,2144,1525,22,45,6720,1822,3957,2325,618,1656,66,77,20,13,4546,45
"29","University of Louisville",13,8,5,24,871,5815,6.68,55,447.3,102,904,5719,6.33,58,58,439.9,111,127,137,22,286,111,127,137,22,286,29,14,23,0.609,33,10,23,0.435,84,54,14,1159,0,21.46,84,54,14,1159,0,21.46,65,302,178,9,3048,10.09,17.12,32,234.5,79,243,406,3044,31,7.5,12.53,234.2,92,93,780,60,22,18,88,0,4.89,22,18,88,0,4.89,78,44,17,13,6,36,0.818,71,51,20,18,5,43,0.843,24,569,2767,4.86,23,212.8,112,498,2675,5.37,27,205.8,117,39,220,3,109,58,57,1,0,9,0,434,33.4,30,58,55,0,0,9,0,430,33.1,61,70,16,307,78,6,34,174,75,0.431,52,66,174,0.379,33,"   408:54","   31:27",70,11,7,18,10,9,19,-1,-0.08,"ACC",34,20,112.9,93.1,0.9023,50.9,46.7,17.5,16.1,29.1,25.9,34.9,32,50.6,46,34.2,32,68.6,2.3,"R64",7,"No",4777,3057,1823,16,33,9844,6198,6540,3600,530,2440,84,92,11.1,24,10207,31
"30","Louisiana State University",15,15,0,1,1080,8526,7.89,93,568.4,31,1008,5153,5.11,39,42,343.5,105,87,158,38,283,105,87,158,38,283,14,6,9,0.667,53,15,31,0.484,97,15,110,337,0,22.47,97,15,110,337,0,22.47,2,567,426,7,6024,10.62,14.14,61,401.6,59,264,521,3341,20,6.41,12.66,222.7,107,93,936,62.4,120,9,117,1,13,120,9,117,1,13,2,75,25,34,13,72,0.96,26,40,14,12,5,31,0.775,60,513,2502,4.88,32,166.8,21,487,1812,3.72,19,120.8,86,35,221,2.33,32,42,37,3,0,11,0,328,21.9,1,95,89,1,0,21,1,726,48.4,40,76,40,419,96,6.4,4,183,91,0.497,6,63,213,0.296,53,"   455:44","   30:22",15,5,17,22,5,7,12,10,0.67,"SEC",35,28,117.9,96.6,0.9081,51.2,49.9,17.9,20.1,36.7,30.8,37.1,33.1,52.9,49.4,31.9,33.7,71.2,7.3,"S16",3,"No",5996,4993,3079,29,57,16269,3757,5925,2980,600,2242,83,87,15.9,11,6741,37
"31","Marshall University",13,8,5,73,887,5119,5.77,37,393.8,57,891,4935,5.54,39,41,379.6,73,106,132,29,267,73,106,132,29,267,98,6,14,0.429,27,8,19,0.421,129,25,33,716,0,28.64,129,25,33,716,0,28.64,95,355,200,11,2605,7.34,13.03,16,200.4,75,239,410,3011,16,7.34,12.6,231.6,65,75,680,52.31,40,19,117,0,6.16,40,19,117,0,6.16,94,42,18,6,9,33,0.786,28,47,18,9,10,37,0.787,35,532,2514,4.73,21,193.4,56,481,1924,4,23,148,58,25,182,1.92,47,41,40,0,0,13,0,325,25,88,40,35,2,0,18,1,335,25.8,109,44,42,269,65,5,81,179,69,0.385,63,72,184,0.391,40,"   402:34","   30:58",78,6,10,16,7,11,18,-2,-0.15,"CUSA",37,23,105.5,106,0.486,51.9,52,15.9,20.8,22.9,32.3,30.5,32.4,52.3,51.4,34.2,35.5,75.7,-6.4,NA,NA,"Yes",4226,3666,2007,14,60,7703,2339,5094,4010,700,1560,77,86,16.6,10,6203,50
"32","University of Maryland",12,3,9,109,767,4121,5.37,39,343.4,109,906,5390,5.95,50,53,449.2,94,122,137,17,276,94,122,137,17,276,126,8,26,0.308,37,8,18,0.444,76,42,8,885,1,21.07,76,42,8,885,1,21.07,114,342,172,12,2088,6.11,12.14,16,174,116,264,405,3255,23,8.04,12.33,271.3,40,70,585,48.75,16,17,68,0,4,16,17,68,0,4,129,35,13,8,2,23,0.657,82,66,27,14,15,56,0.848,55,425,2033,4.78,23,169.4,83,501,2135,4.26,27,177.9,122,38,262,3.17,115,53,50,0,0,16,0,416,34.7,94,42,39,0,0,2,3,303,25.3,48,65,20,246,75,6.3,119,168,54,0.321,102,78,180,0.433,129,"   309:04","   25:45",97,6,10,16,9,12,21,-5,-0.42,"B10",34,23,111.6,93.3,0.8875,51.4,45.9,19.4,14.1,34.1,24.8,32.8,26.6,50.8,44.7,34.9,31.9,67.7,4.2,"R32",6,"No",14292,10315,3409,22,53,19340,3991,8723,5146,550,1550,89,92,18.1,12,9021,63
"33","University of Massachusetts",12,1,11,126,822,3517,4.28,29,293.1,130,867,6734,7.77,82,86,561.2,127,162,135,14,311,127,162,135,14,311,114,11,29,0.379,108,11,18,0.611,88,29,10,629,0,21.69,88,29,10,629,0,21.69,117,392,218,16,2022,5.16,9.28,15,168.5,109,217,318,3145,32,9.89,14.49,262.1,109,83,764,63.67,112,14,167,1,11.93,112,14,167,1,11.93,105,34,10,10,6,26,0.765,107,69,38,17,6,61,0.884,114,430,1495,3.48,14,124.6,130,549,3589,6.54,50,299.1,81,27,174,2.25,130,86,84,1,0,10,0,632,52.7,118,31,30,0,0,7,0,237,19.8,127,44,8,153,48,4,110,191,66,0.346,127,73,142,0.514,126,"   314:59","   26:14",53,11,10,21,4,16,20,1,0.08,"A10",32,11,102.6,108.6,0.3433,51.1,51.2,20.2,16.8,31.5,27.1,31.3,41.4,50.2,50.6,35,35,69,-13.8,NA,NA,"No",14438,12414,3816,12,39,16282,1940,8566,3897,500,1400,88,92,16.7,15,10276,68
"34","University of Miami",13,6,7,98,844,4774,5.66,43,367.2,13,849,4028,4.74,29,30,309.8,13,83,106,30,219,13,83,106,30,219,73,13,25,0.52,123,12,17,0.706,114,28,36,670,0,23.93,114,28,36,670,0,23.93,52,437,255,10,3239,7.41,12.7,27,249.2,18,208,379,2538,16,6.7,12.2,195.2,93,91,782,60.15,28,24,132,0,5.5,28,24,132,0,5.5,122,54,13,16,10,39,0.722,41,36,9,8,12,29,0.806,120,407,1535,3.77,16,118.1,17,470,1490,3.17,13,114.6,127,51,316,3.92,23,30,28,1,0,17,1,263,20.2,90,43,38,1,0,12,0,334,25.7,4,88,40,442,108,8.3,129,162,44,0.272,42,75,202,0.371,62,"   393:04","   30:14",46,10,10,20,7,10,17,3,0.23,"ACC",32,14,109.3,98.8,0.7632,50.8,52,16.9,19.8,25.9,29.8,30.8,22.7,51.4,51.7,33.3,34.9,68.3,-5.1,NA,NA,"Yes",7122,5386,1643,42,69,7760,876,16500,6526,630,1985,82,94,5.9,17,17500,59
"35","Miami University",14,8,6,122,870,4328,4.97,33,309.1,60,1014,5347,5.27,50,52,381.9,121,142,132,27,301,121,142,132,27,301,120,6,17,0.353,62,15,29,0.517,110,16,52,379,0,23.69,110,16,52,379,0,23.69,111,337,183,10,2495,7.4,13.63,11,178.2,40,259,436,2929,26,6.72,11.31,209.2,44,80,683,48.79,109,26,303,0,11.65,109,26,303,0,11.65,48,46,18,6,16,40,0.87,59,51,17,15,10,42,0.824,105,533,1833,3.44,22,130.9,81,578,2418,4.18,24,172.7,76,31,183,2.21,69,52,49,0,0,11,0,394,28.1,99,37,36,0,0,26,1,338,24.1,13,81,54,428,108,7.7,113,201,67,0.333,76,82,203,0.404,107,"   392:56","   28:04",52,9,11,20,8,10,18,2,0.14,"MAC",30,15,103,101.4,0.5469,48.6,51.1,18.7,16.7,30,25.3,34.7,33.9,48.7,51.3,32.3,33.9,67.6,-8.7,NA,NA,"No",9239,7788,3290,35,39,13606,807,8856,3960,500,1382,81,89,17.6,20,7846,85
"36","University of Michigan",13,9,4,68,905,5220,5.77,51,401.5,11,846,3994,4.72,36,37,307.2,22,95,103,28,226,22,95,103,28,226,60,12,22,0.545,100,13,22,0.591,105,19,34,440,1,23.16,105,19,34,440,1,23.16,50,410,228,9,3261,7.95,14.3,25,250.8,10,198,345,2412,16,6.99,12.18,185.5,51,80,649,49.92,60,19,134,0,7.05,60,19,134,0,7.05,81,59,23,13,12,48,0.814,35,34,17,8,2,27,0.794,77,495,1959,3.96,26,150.7,22,501,1582,3.16,20,121.7,58,25,207,1.92,25,37,36,1,0,3,0,269,20.7,44,52,46,3,0,16,0,412,31.7,59,60,38,387,79,6.1,74,174,68,0.391,19,59,182,0.324,76,"   383:52","   29:31",61,11,9,20,11,9,20,0,0,"B10",37,30,114.6,85.6,0.9665,51.6,44.1,13.9,18,24.7,24.8,27.5,24.1,51.8,44.3,34.2,29.1,65.9,9.2,"S16",2,"No",19152,12940,4893,66,92,22045,1339,15732,4659,476,1600,90,98,11.5,26,14847,87
"37","Michigan State University",13,7,6,95,932,4835,5.19,29,371.9,18,843,4181,4.96,35,37,321.6,19,85,115,25,225,19,85,115,25,225,24,13,21,0.619,49,10,21,0.476,87,40,15,867,0,21.68,87,40,15,867,0,21.68,55,464,270,15,3182,6.86,11.79,17,244.8,37,241,403,2702,24,6.7,11.21,207.8,69,75,700,53.85,91,25,231,0,9.24,91,25,231,0,9.24,112,54,11,15,15,41,0.759,21,38,8,12,9,29,0.763,113,468,1653,3.53,12,127.2,16,440,1479,3.36,11,113.8,18,18,113,1.38,37,37,33,1,0,12,0,293,22.5,105,32,31,0,0,22,1,291,22.4,21,69,46,405,92,7.1,99,192,70,0.365,30,64,184,0.348,34,"   408:08","   31:23",78,10,12,22,9,15,24,-2,-0.15,"B10",39,32,119.9,91,0.9597,55.2,43.9,18.5,14.9,33.9,26.4,33.6,27.5,54.3,41.9,37.8,31.6,68.6,10.7,"F4",2,"No",18114,15096,6180,23,57,26640,4120,10658,3734,504,600,93,95,14,9,10520,71
"38","University of Minnesota",13,11,2,42,883,5616,6.36,56,432,10,787,3986,5.06,32,37,306.6,24,92,119,18,229,24,92,119,18,229,19,13,20,0.65,83,10,18,0.556,85,44,31,947,1,21.52,85,44,31,947,1,21.52,47,323,212,8,3293,10.2,15.53,31,253.3,9,200,357,2395,14,6.71,11.98,184.2,10,56,502,38.62,2,6,1,0,0.17,2,6,1,0,0.17,24,59,24,19,10,53,0.898,123,35,15,8,9,32,0.914,46,560,2323,4.15,25,178.7,23,430,1591,3.7,18,122.4,85,30,185,2.31,37,37,31,1,0,12,1,293,22.5,21,59,54,1,0,11,0,443,34.1,115,45,34,282,62,4.8,8,161,78,0.484,48,62,165,0.376,4,"   444:42","   34:12",40,5,14,19,7,8,15,4,0.31,"B10",36,22,110.4,96.3,0.8284,48.2,49.5,17.1,16.9,31.4,28.4,41.6,28.2,48.5,48.7,31.7,34,68.8,2.7,"R32",10,"No",11054,6397,3524,26,55,16502,21836,8949,3744,714,2910,88,90,12.2,37,16122,45
"39","Mississippi State University",13,6,7,70,844,5201,6.16,46,400.1,73,824,5189,6.3,47,49,399.2,66,108,136,20,264,66,108,136,20,264,112,7,18,0.389,71,9,17,0.529,45,41,19,807,1,19.68,45,41,19,807,1,19.68,109,315,186,10,2333,7.41,12.54,19,179.5,97,224,368,3208,22,8.72,14.32,246.8,21,72,578,44.46,83,19,169,0,8.89,83,19,169,0,8.89,51,44,23,10,5,38,0.864,33,53,23,11,8,42,0.792,21,529,2868,5.42,27,220.6,59,456,1981,4.34,25,152.4,93,31,193,2.38,74,49,46,1,0,11,0,375,28.8,74,48,44,0,0,9,0,359,27.6,79,50,48,281,74,5.7,76,149,58,0.389,57,58,150,0.387,29,"   411:31","   31:39",57,14,10,24,13,10,23,1,0.08,"SEC",34,23,116.9,96.8,0.898,54.6,50.3,19.2,19.5,34.7,29.6,32.7,32.1,53.4,48.4,37.7,35.7,69,4.5,"R64",5,"No",4255,3277,1609,18,57,10094,1621,9866,3084,480,1479,77,77,15.9,20,6223,53
"40","University of Nebraska",12,5,7,55,867,4990,5.76,39,415.8,64,832,4666,5.61,39,41,388.8,32,116,109,14,239,32,116,109,14,239,97,10,23,0.435,36,7,16,0.438,65,45,14,932,2,20.71,65,45,14,932,2,20.71,82,323,194,9,2551,7.9,13.15,12,212.6,30,215,364,2409,14,6.62,11.2,200.8,18,61,518,43.17,7,11,25,0,2.27,7,11,25,0,2.27,115,51,24,3,11,38,0.745,122,44,20,10,10,40,0.909,30,544,2439,4.48,27,203.3,94,468,2257,4.82,25,188.1,86,28,168,2.33,66,41,38,1,0,15,1,333,27.8,72,43,40,1,0,12,0,336,28,57,57,32,307,73,6.1,51,187,77,0.412,75,69,172,0.401,92,"   346:53","   28:54",61,10,11,21,12,9,21,0,0,"B10",35,19,112.5,98.1,0.8285,49.2,48.1,14.3,19.3,28.5,32.1,33,30,48.6,46.9,33.4,33.8,68,0,NA,NA,"No",6277,6003,3526,33,63,16454,3171,5595,3145,500,2070,86,92,15.1,48,6813,53
"41","University of North Carolina",13,7,6,12,959,6162,6.43,52,474,49,893,4851,5.43,37,38,373.2,47,93,134,26,253,47,93,134,26,253,18,15,23,0.652,56,8,16,0.5,90,33,41,721,0,21.85,90,33,41,721,0,21.85,25,431,265,7,3716,8.62,14.02,39,285.8,71,253,421,2985,18,7.09,11.8,229.6,70,80,701,53.92,81,16,139,0,8.69,81,16,139,0,8.69,31,55,10,21,18,49,0.891,54,44,16,9,11,36,0.818,38,528,2446,4.63,13,188.2,51,472,1866,3.95,19,143.5,113,37,227,2.85,44,38,34,2,0,14,0,308,23.7,30,53,49,3,0,19,0,430,33.1,45,65,34,291,82,6.3,47,191,79,0.414,46,70,188,0.372,56,"   394:15","   30:19",19,6,14,20,5,7,12,8,0.62,"ACC",36,29,120.1,91.4,0.9582,52.9,48.9,17.2,18.3,35.3,22.8,30.2,28.4,52.1,47.9,36.2,33.5,76,10,"S16",1,"No",14596,5985,3331,75,92,14609,1100,8400,4200,550,1200,88,93,8.9,23,15893,83
"42","University of North Texas",12,4,8,54,850,5023,5.91,44,418.6,81,860,4931,5.73,45,50,410.9,58,116,120,25,261,58,116,120,25,261,55,18,32,0.563,56,10,20,0.5,108,30,16,709,2,23.63,108,30,16,709,2,23.63,27,454,283,12,3400,7.49,12.01,33,283.3,57,230,374,2668,14,7.13,11.6,222.3,78,64,672,56,100,13,138,1,10.62,100,13,138,1,10.62,71,47,8,20,11,39,0.83,127,44,24,6,11,41,0.932,99,396,1623,4.1,11,135.3,95,486,2263,4.66,31,188.6,74,26,178,2.17,105,50,39,3,0,15,0,390,32.5,52,46,43,0,0,16,0,367,30.6,52,58,32,264,74,6.2,95,173,64,0.37,93,74,177,0.418,106,"   337:41","   28:08",103,9,4,13,7,12,19,-6,-0.5,"CUSA",30,21,97.4,97.6,0.4944,49.2,47.4,20.1,19.8,30.7,24.4,27.7,37.7,50.5,46.4,31.7,32.8,66.9,-7.1,NA,NA,"No",4418,2737,2049,23,51,14047,5134,4104,3579,450,1700,86,94,22.6,6,5657,35
"43","Northern Illinois University",12,5,7,104,824,4304,5.22,29,358.7,63,763,4638,6.08,43,43,386.5,15,101,103,20,224,15,101,103,20,224,71,12,23,0.522,37,8,18,0.444,108,30,19,709,0,23.63,108,30,19,709,0,23.63,79,370,215,11,2611,7.06,12.14,14,217.6,39,195,332,2503,18,7.54,12.84,208.6,24,62,539,44.92,48,19,123,0,6.47,48,19,123,0,6.47,23,31,12,7,9,28,0.903,50,48,21,7,11,39,0.813,92,454,1693,3.73,15,141.1,83,431,2135,4.95,25,177.9,64,24,184,2,71,43,40,2,0,12,0,338,28.2,103,33,30,1,0,14,1,274,22.8,103,43,36,206,61,5.1,117,177,57,0.322,27,53,156,0.34,16,"   393:04","   32:45",103,9,4,13,8,11,19,-6,-0.5,"MAC",32,17,106.6,104.8,0.5498,52.6,51.9,17.2,17.9,27.2,26.7,26.5,39.1,51.6,50,36.5,36.1,67.3,-8.9,NA,NA,"No",10706,7219,2397,12,37,14826,1979,7799,3296,470,1750,73,78,17.3,11,6086,56
"44","Northwestern University",12,3,9,124,842,3565,4.23,23,297.1,25,796,4028,5.06,31,34,335.7,7,81,108,22,211,7,81,108,22,211,110,11,28,0.393,17,5,13,0.385,55,29,9,588,0,20.28,55,29,9,588,0,20.28,126,312,156,15,1404,4.5,9,6,117,23,220,360,2385,17,6.63,10.84,198.8,39,65,582,48.5,9,17,48,0,2.82,9,17,48,0,2.82,101,31,12,4,8,24,0.774,63,42,10,15,10,35,0.833,44,530,2161,4.08,17,180.1,36,436,1643,3.77,14,136.9,55,23,166,1.92,43,34,34,0,0,15,0,283,23.6,126,24,18,0,0,10,2,196,16.3,74,55,28,236,69,5.8,101,193,69,0.358,81,73,180,0.406,66,"   360:36","   30:03",121,7,7,14,9,15,24,-10,-0.83,"B10",32,13,101.2,92.8,0.7319,46.6,46.7,16.1,17.9,24.2,26.3,30.2,34,46.4,48,31.3,29.3,67.3,-5.7,NA,NA,"Yes",12289,5200,1902,85,98,7450,45,16404,5520,759,1585,96,100,6.8,25,26385,92
"45","University of Notre Dame",13,11,2,43,886,5608,6.33,57,431.4,18,894,4181,4.68,25,26,321.6,29,118,102,15,235,29,118,102,15,235,13,17,25,0.68,40,10,22,0.455,18,35,40,626,0,17.89,18,35,40,626,0,17.89,49,416,253,6,3278,7.88,12.96,37,252.2,3,203,374,2191,13,5.86,10.79,168.5,57,84,665,51.15,15,18,70,0,3.89,15,18,70,0,3.89,10,55,16,26,9,51,0.927,129,30,9,8,12,29,0.967,45,470,2330,4.96,20,179.2,60,520,1990,3.83,12,153.1,12,16,81,1.23,12,26,26,0,0,17,0,233,17.9,13,61,61,0,0,17,0,478,36.8,23,76,30,355,91,7,65,184,74,0.402,18,64,198,0.323,96,"   372:59","   28:41",4,19,9,28,5,6,11,17,1.31,"ACC",33,14,107.3,99.8,0.6981,46.2,49,14,16.4,29,31.1,30.1,21.8,45.4,48.6,31.5,33.1,66.6,-5.7,NA,NA,"Yes",7700,3700,1906,79,96,7671,30,16850,4400,600,1350,96,92,13.1,46,13936,97
"46","Ohio University",13,7,6,29,861,5749,6.68,57,442.2,76,882,5248,5.95,42,43,403.7,79,123,127,20,270,79,123,127,20,270,58,5,9,0.556,97,11,19,0.579,2,36,24,580,0,16.11,2,36,24,580,0,16.11,77,335,203,6,2866,8.56,14.12,21,220.5,83,250,418,3086,21,7.38,12.34,237.4,37,70,627,48.23,39,15,92,1,6.13,39,15,92,1,6.13,24,59,30,11,12,53,0.898,57,45,17,9,11,37,0.822,20,526,2883,5.48,36,221.8,77,464,2162,4.66,21,166.3,32,21,150,1.62,60,43,36,0,0,17,0,345,26.5,20,57,54,1,0,16,0,446,34.3,108,40,52,270,66,5.1,6,168,83,0.494,71,70,177,0.395,28,"   412:40","   31:44",90,10,5,15,13,6,19,-4,-0.31,"MAC",30,14,98.4,100.5,0.4396,48.6,50.8,20,18.5,28.2,27.4,33.2,31.2,50.7,48.9,29.7,35.9,70.8,-8.7,NA,NA,"No",11023,8298,3183,21,54,14861,1310,7629,4095,550,2300,79,87,20.4,13,8811,64
"47","University of Oklahoma",14,12,2,3,946,7527,7.96,74,537.6,38,886,4990,5.63,47,48,356.4,98,98,138,42,278,98,98,138,42,278,14,8,12,0.667,26,10,24,0.417,33,38,59,730,0,19.21,33,38,59,730,0,19.21,18,381,262,9,4164,10.93,15.89,36,297.4,58,257,427,3113,27,7.29,12.11,222.4,129,101,1038,74.14,90,5,46,0,9.2,90,5,46,0,9.2,13,73,30,22,15,67,0.918,128,48,20,12,13,45,0.938,14,565,3363,5.95,38,240.2,32,459,1877,4.09,20,134.1,38,23,147,1.64,64,48,46,0,0,16,0,382,27.3,6,76,75,1,0,19,0,590,42.1,17,86,36,405,104,7.4,5,155,77,0.497,17,57,177,0.322,39,"   434:30","   31:02",109,4,7,11,10,9,19,-8,-0.57,"B12",34,20,110.5,93.1,0.878,50.4,47.5,17,17.3,25.8,27.8,31.3,23.1,49.7,45.8,34.6,33.3,70.3,2.5,"R32",9,"No",4743,3970,2233,32,63,13436,2582,5173,3526,765,3176,86,90,11.5,11,10244,44
"48","Oklahoma State University",13,8,5,21,924,5901,6.39,50,453.9,82,926,5360,5.79,41,43,412.3,80,117,135,19,271,80,117,135,19,271,69,11,21,0.524,15,8,21,0.381,41,36,33,702,0,19.5,41,36,33,702,0,19.5,71,362,232,12,2916,8.06,12.57,23,224.3,102,270,447,3300,23,7.38,12.22,253.8,34,67,612,47.08,4,11,18,0,1.64,4,11,18,0,1.64,16,45,17,10,14,41,0.911,95,45,14,14,11,39,0.867,17,562,2985,5.31,27,229.6,67,479,2060,4.3,18,158.5,64,26,157,2,61,43,38,2,0,16,0,348,26.8,35,52,48,1,0,20,0,422,32.5,68,58,38,268,77,5.9,77,185,72,0.389,66,75,191,0.393,95,"   374:59","   28:50",70,7,12,19,8,12,20,-1,-0.08,"B12",32,12,109.1,100.6,0.7177,50.1,50.3,18,17.6,26.4,29.4,30.6,31.5,46,48.3,37.2,35.4,67.5,-4.1,NA,NA,"No",4522,3913,2181,29,57,12830,1658,5336,3344,800,3100,84,92,15.3,14,6433,48
"49","University of Mississippi",12,4,8,26,891,5343,6,40,445.3,85,859,5001,5.82,36,39,416.8,73,104,146,17,267,73,104,146,17,267,65,17,32,0.531,101,12,20,0.6,24,30,16,546,0,18.2,24,30,16,546,0,18.2,102,332,186,6,2328,7.01,12.52,11,194,120,288,434,3339,20,7.69,11.59,278.3,40,59,585,48.75,110,21,245,1,11.67,110,21,245,1,11.67,50,38,16,6,11,33,0.868,97,38,11,10,12,33,0.868,9,559,3015,5.39,29,251.3,42,425,1662,3.91,16,138.5,41,21,127,1.75,59,39,34,0,0,16,1,318,26.5,82,41,36,2,0,11,0,319,26.6,57,58,30,291,73,6.1,96,182,67,0.368,73,69,173,0.399,104,"   338:58","   28:14",53,6,10,16,9,6,15,1,0.08,"SEC",33,20,113.3,97.9,0.8433,53.1,51,18.2,20.6,30.2,29.3,30.9,33.5,52.7,48.2,35.8,37.4,69.7,0.9,"R64",8,"No",3844,3383,1669,26,47,7524,804,4916,3810,600,550,81,86,20.3,14,6971,53
"50","University of Oregon",14,12,2,40,956,6063,6.34,61,433.1,22,973,4607,4.73,23,24,329.1,73,94,139,34,267,73,94,139,34,267,73,13,25,0.52,28,14,33,0.424,118,44,27,1075,1,24.43,118,44,27,1075,1,24.43,41,446,298,6,3615,8.11,12.13,35,258.2,53,297,506,3082,18,6.09,10.38,220.1,103,85,862,61.57,64,26,193,0,7.42,64,26,193,0,7.42,96,63,21,20,8,49,0.778,23,39,5,9,16,30,0.769,51,510,2448,4.8,26,174.9,13,467,1525,3.27,5,108.9,49,25,175,1.79,9,24,21,3,0,20,0,231,16.5,16,67,64,1,0,9,0,495,35.4,26,74,46,384,97,6.9,44,177,74,0.418,22,73,220,0.332,103,"   395:35","   28:15",5,7,20,27,5,6,11,16,1.14,"P12",38,25,108.1,91.7,0.8687,52,46.4,17.8,20.9,29.6,28.8,29.4,33.9,51.6,48.8,35.1,29,65.4,-1.1,"S16",12,"No",8631,6732,2546,25,61,11669,1605,10602,3660,570,1530,79,87,19.7,13,8020,54
"51","Pennsylvania State University",13,11,2,57,885,5355,6.05,59,411.9,34,935,4504,4.82,23,23,346.5,37,87,140,19,246,37,87,140,19,246,28,11,18,0.611,94,15,26,0.577,7,14,66,239,0,17.07,7,14,66,239,0,17.07,76,369,217,9,2877,7.8,13.26,25,221.3,100,273,451,3269,10,7.25,11.97,251.5,26,57,589,45.31,5,20,34,0,1.7,5,20,34,0,1.7,21,52,27,10,10,47,0.904,54,33,13,3,11,27,0.818,36,516,2478,4.8,34,190.6,5,484,1235,2.55,13,95,98,32,179,2.46,8,23,22,0,0,16,0,208,16,15,61,56,2,0,13,0,465,35.8,11,77,48,479,101,7.8,41,172,73,0.424,37,73,203,0.36,108,"   362:40","   27:53",19,12,10,22,5,9,14,8,0.62,"B10",32,14,109.9,92.8,0.8755,47.5,49.9,18.1,19.6,31.9,26.3,32.3,34.1,47.2,48.4,32,35.4,68.9,-2.7,NA,NA,"No",19315,10344,3450,48,93,28938,2025,10645,4060,512,2394,77,96,18.1,19,8992,63
"52","University of Pittsburgh",13,8,5,87,954,4946,5.18,28,380.5,15,905,4068,4.5,31,33,312.9,30,88,107,41,236,30,88,107,41,236,85,8,17,0.471,83,10,18,0.556,44,24,37,472,0,19.67,44,24,37,472,0,19.67,39,513,316,10,3402,6.63,10.77,17,261.7,34,221,433,2658,19,6.14,12.03,204.5,119,102,888,68.31,99,27,279,1,10.33,99,27,279,1,10.33,90,38,9,9,12,30,0.789,39,46,11,10,16,37,0.804,119,441,1544,3.5,11,118.8,12,472,1410,2.99,12,108.5,77,29,212,2.23,36,33,29,1,0,21,0,292,22.5,114,30,29,0,0,22,0,275,21.2,9,73,60,467,103,7.9,69,211,84,0.398,23,68,204,0.333,45,"   398:46","   30:40",112,5,9,14,12,10,22,-8,-0.62,"ACC",33,14,103.3,98.2,0.6421,47.9,47.7,19.6,21.3,32.1,32.8,42.3,32.9,46.9,45.8,33.1,33.6,68.7,-6.3,NA,NA,"No",8586,6383,2503,25,59,13138,4289,10786,4560,400,900,93,93,7.8,10,13789,66
"53","Purdue University",12,4,8,75,862,4718,5.47,38,393.2,100,869,5235,6.02,45,46,436.3,58,119,128,14,261,58,119,128,14,261,77,8,16,0.5,108,11,18,0.611,43,17,40,334,0,19.65,43,17,40,334,0,19.65,12,520,320,15,3719,7.15,11.62,29,309.9,94,236,382,2925,20,7.66,12.39,243.8,7,55,452,37.67,36,17,100,0,5.88,36,17,100,0,5.88,5,41,9,20,10,39,0.951,46,47,19,9,10,38,0.809,126,342,999,2.92,9,83.3,99,487,2310,4.74,25,192.5,86,28,212,2.33,86,46,42,1,0,15,1,367,30.6,87,39,35,1,0,13,0,310,25.8,61,60,24,272,72,6,56,179,73,0.408,82,71,175,0.406,114,"   331:10","   27:35",113,6,9,15,8,15,23,-8,-0.67,"B10",36,26,122.8,94.3,0.9539,53.6,49,15.8,18.6,34.5,27,29.9,31.7,51.5,47.2,37.4,34.2,67,6.1,"E8",3,"No",21804,18744,5874,29,60,26213,4065,9556,3990,570,1060,86,86,18.2,15,8604,67
"54","Rutgers University",12,2,10,129,735,3277,4.46,18,273.1,98,837,5203,6.22,54,59,433.6,87,119,126,28,273,87,119,126,28,273,98,6,14,0.429,65,11,21,0.524,102,26,10,599,1,23.04,102,26,10,599,1,23.04,121,278,154,15,1672,6.01,10.86,7,139.3,76,209,343,2790,25,8.13,13.35,232.5,87,76,709,59.08,51,20,134,0,6.7,51,20,134,0,6.7,121,26,9,1,9,19,0.731,61,52,24,12,7,43,0.827,101,457,1605,3.51,11,133.8,107,494,2413,4.88,29,201.1,74,26,148,2.17,123,59,56,0,0,10,0,440,36.7,129,18,18,0,0,11,0,159,13.3,119,40,30,195,55,4.6,111,177,61,0.345,104,72,163,0.442,68,"   360:27","   30:02",126,4,6,10,8,15,23,-13,-1.08,"B10",31,14,104.9,96.1,0.7336,47,49.2,19.1,17.4,33.4,27,31.7,32.4,47.2,47,31.2,35.3,69,-3.5,NA,NA,"No",48094,26330,4520,36,79,21401,3712,7410,4748,690,2009,90,95,19.5,19,10474,77
"55","San Diego State University",13,10,3,110,933,4461,4.78,27,343.2,5,804,3741,4.65,18,19,287.8,3,67,114,17,198,3,67,114,17,198,51,13,23,0.565,30,9,21,0.429,5,12,51,202,0,16.83,5,12,51,202,0,16.83,92,397,253,6,2634,6.63,10.41,15,202.6,44,265,448,2761,10,6.16,10.42,212.4,53,78,655,50.38,68,24,183,0,7.63,68,24,183,0,7.63,102,44,11,8,15,34,0.773,16,32,7,8,9,24,0.75,94,536,1827,3.41,12,140.5,2,356,980,2.75,8,75.4,32,21,163,1.62,2,19,17,2,0,10,0,165,12.7,112,30,28,1,0,22,0,276,21.2,45,60,44,316,82,6.3,85,207,79,0.382,28,61,179,0.341,6,"   440:04","   33:51",2,9,18,27,2,6,8,19,1.46,"MWC",33,21,102.3,96.8,0.6533,49.9,48.2,18.3,18.8,28.9,28.4,35.2,33.3,47.9,47.2,35.6,33,68,-4.2,NA,NA,"No",9402,7020,2151,20,70,16407,5550,8384,5110,612,2400,87,93,19.5,7,7930,41
"56","Southern Methodist University",13,10,3,9,1037,6368,6.14,70,489.8,107,1004,5785,5.76,50,53,445,122,105,167,30,302,122,105,167,30,302,6,22,30,0.733,47,15,32,0.469,21,63,14,1135,1,18.02,21,63,14,1135,1,18.02,13,503,313,11,4017,7.99,12.83,35,309,125,289,482,3752,34,7.78,12.98,288.6,80,83,743,57.15,21,14,67,0,4.79,21,14,67,0,4.79,107,72,25,19,11,55,0.764,86,48,12,15,14,41,0.854,43,534,2351,4.4,35,180.8,63,522,2033,3.89,16,156.4,14,17,108,1.31,109,53,50,2,0,20,1,434,33.4,7,73,58,6,0,12,0,544,41.8,3,89,44,465,111,8.5,30,212,93,0.439,49,79,210,0.376,94,"   375:20","   28:52",40,12,9,21,6,11,17,4,0.31,"Amer",32,15,112.2,104.2,0.7021,51.2,50,16.6,17.5,33.4,31.6,27.8,29.5,51.3,48.2,34.1,35.1,66.4,-6.4,NA,NA,"Yes",4301,3455,1166,41,69,4892,387,12772,5078,576,1802,74,88,13.5,17,12726,72
"57","University of South Carolina",12,4,8,96,862,4463,5.18,30,371.9,66,854,4719,5.53,32,37,393.3,37,97,127,22,246,37,97,127,22,246,81,13,27,0.481,9,5,14,0.357,115,16,37,384,0,24,115,16,37,384,0,24,74,466,268,7,2667,5.72,9.95,12,222.3,80,239,404,2823,23,6.99,11.81,235.3,72,79,656,54.67,124,18,249,2,13.83,124,18,249,2,13.83,105,34,13,4,9,26,0.765,48,37,7,11,12,30,0.811,82,396,1796,4.54,18,149.7,66,450,1896,4.21,9,158,69,25,166,2.08,53,37,35,1,0,18,0,313,26.1,104,31,29,0,0,18,0,269,22.4,61,63,18,271,72,6,120,184,59,0.321,56,69,180,0.383,117,"   324:17","   27:01",43,5,12,17,7,7,14,3,0.25,"SEC",31,16,107.8,96.3,0.7861,48.3,49.5,19.2,20.3,31.8,31.1,36.2,39.6,44.9,48.2,36.5,34.2,71.8,-2.1,NA,NA,"No",7693,5815,2328,30,66,12594,3661,8074,3522,495,2941,84,88,16.9,18,8246,63
"58","University of South Florida",12,4,8,112,773,3970,5.14,33,330.8,71,887,4777,5.39,42,45,398.1,91,154,93,27,274,91,154,93,27,274,95,7,16,0.438,83,10,18,0.556,57,32,16,650,1,20.31,57,32,16,650,1,20.31,116,328,177,10,2035,6.2,11.5,18,169.6,15,203,325,2274,15,7,11.2,189.5,125,101,854,71.17,92,39,362,0,9.28,92,39,362,0,9.28,88,39,12,12,7,31,0.795,4,43,16,6,7,29,0.674,66,445,1935,4.35,15,161.3,114,562,2503,4.45,27,208.6,126,45,246,3.75,75,45,42,1,0,11,0,347,28.9,115,33,31,0,0,7,0,250,20.8,5,86,26,333,99,8.3,75,177,69,0.39,120,88,190,0.463,109,"   334:07","   27:50",32,12,12,24,9,10,19,5,0.42,"Amer",37,24,101.8,95.4,0.6778,49.1,48.4,22.6,21.9,36.3,26.8,48.1,43.1,48.5,48.2,33.3,32.5,68.6,-4.5,NA,NA,"No",7589,4676,1876,29,63,14770,10962,6760,3776,500,2180,84,89,17,7,11020,47
"59","University of Southern California",13,8,5,20,908,5920,6.52,53,455.4,78,928,5313,5.73,43,47,408.7,119,124,141,32,297,119,124,141,32,297,33,6,10,0.6,69,10,19,0.526,130,37,27,1102,2,29.78,130,37,27,1102,2,29.78,6,514,365,15,4365,8.49,11.96,35,335.8,96,281,460,3200,24,6.96,11.39,246.2,117,90,877,67.46,33,10,57,0,5.7,33,10,57,0,5.7,66,55,14,20,12,46,0.836,90,49,15,15,12,42,0.857,118,394,1555,3.95,18,119.6,72,468,2113,4.51,19,162.5,71,28,192,2.15,78,47,44,1,0,18,0,382,29.4,35,54,54,0,0,14,1,422,32.5,51,64,34,315,81,6.2,21,169,77,0.456,83,72,177,0.407,93,"   375:23","   28:52",119,7,9,16,11,15,26,-10,-0.77,"P12",33,16,109,100.5,0.7164,52.8,49.1,16.5,18.1,27,29.9,27.6,30,50.3,48.4,38.2,33.4,71.2,-7.1,NA,NA,"Yes",12229,8498,2477,45,71,13259,1429,17230,6482,600,2210,90,94,11.4,10,17007,68
"60","University of Southern Mississippi",13,7,6,63,872,5291,6.07,37,407,37,803,4583,5.71,41,44,352.5,19,83,124,18,225,19,83,124,18,225,85,8,17,0.471,121,11,16,0.688,42,41,22,800,1,19.51,42,41,22,800,1,19.51,19,438,291,17,3764,8.59,12.93,20,289.5,82,217,366,3077,27,8.41,14.18,236.7,81,82,748,57.54,57,13,90,0,6.92,57,13,90,0,6.92,67,42,11,9,15,35,0.833,48,37,10,11,9,30,0.811,121,434,1527,3.52,17,117.5,18,437,1506,3.45,14,115.8,44,23,183,1.77,55,44,42,0,0,11,1,341,26.2,81,42,34,3,0,18,0,346,26.6,33,63,46,338,86,6.6,80,176,68,0.386,12,52,167,0.311,31,"   409:35","   31:30",122,5,10,15,9,17,26,-11,-0.85,"CUSA",29,20,106.8,101.2,0.649,53.1,49.1,15.7,19.4,22.9,28.1,24.1,29.8,49.9,47.1,39.1,34.2,66,-5.7,NA,NA,"No",2850,2044,1046,20,50,9260,1387,4652,2470,500,500,78,99,18.7,23,5917,45
"61","Syracuse University",12,5,7,71,909,4735,5.21,39,394.6,115,918,5569,6.07,47,47,464.1,105,119,137,27,283,105,119,137,27,283,110,11,28,0.393,11,7,19,0.368,116,19,43,460,0,24.21,116,19,43,460,0,24.21,60,408,250,7,2887,7.08,11.55,23,240.6,110,227,425,3150,21,7.41,13.88,262.5,128,107,887,73.92,5,10,17,0,1.7,5,10,17,0,1.7,110,46,11,13,11,35,0.761,47,42,17,11,6,34,0.81,71,501,1848,3.69,16,154,109,493,2419,4.91,26,201.6,128,50,297,4.17,88,47,42,1,0,14,0,368,30.7,69,41,39,0,0,18,0,339,28.3,48,55,40,287,75,6.3,88,205,78,0.38,101,82,192,0.427,84,"   351:50","   29:19",13,12,13,25,9,7,16,9,0.75,"ACC",34,20,110.5,94.2,0.8622,49.6,48.1,18.5,23.1,30.2,33.4,36.8,34.3,49.3,46.9,33.3,32.9,67.3,0.4,"R64",8,"Yes",10477,7260,2442,28,67,10142,117,15150,6870,635,960,73,84,11.3,13,14231,67
"62","Texas Christian University",12,5,7,62,905,4892,5.41,38,407.7,27,769,4043,5.26,38,39,336.9,1,81,92,22,195,1,81,92,22,195,103,5,12,0.417,18,6,15,0.4,49,32,23,639,0,19.97,49,32,23,639,0,19.97,90,395,211,11,2444,6.19,11.58,15,203.7,27,199,360,2396,22,6.66,12.04,199.7,101,78,736,61.33,44,11,70,0,6.36,44,11,70,0,6.36,8,53,21,8,21,50,0.943,116,40,13,12,11,36,0.9,29,510,2448,4.8,23,204,39,409,1647,4.03,16,137.3,99,30,192,2.5,57,39,33,1,0,16,0,317,26.4,55,41,40,0,0,26,0,364,30.3,74,57,24,214,69,5.8,14,202,95,0.47,32,59,169,0.349,15,"   395:04","   32:55",61,4,16,20,9,11,20,0,0,"B12",37,23,109.8,94.5,0.8486,52.1,48.4,19.2,18.6,31.2,28.7,31.7,27.7,52.3,49.9,34.6,30.4,70.1,1.1,NA,NA,"Yes",4095,3079,1195,33,64,5064,660,8490,3320,650,2400,81,93,14.8,23,9158,64
"63","University of Tennessee",13,8,5,100,821,4752,5.79,32,365.5,23,868,4348,5.01,31,34,334.5,49,117,115,25,257,49,117,115,25,257,130,2,12,0.167,44,13,28,0.464,15,11,46,195,0,17.73,15,11,46,195,0,17.73,75,360,200,13,2878,7.99,14.39,19,221.4,16,216,375,2522,14,6.73,11.68,194,66,83,683,52.54,42,14,87,0,6.21,42,14,87,0,6.21,92,47,10,13,14,37,0.787,57,45,15,12,10,37,0.822,87,461,1874,4.07,13,144.2,48,493,1826,3.7,17,140.5,32,21,138,1.62,29,34,30,0,0,16,0,282,21.7,98,35,35,0,0,23,0,314,24.2,87,63,16,317,71,5.5,33,176,76,0.432,68,72,183,0.393,78,"   381:44","   29:21",70,4,15,19,7,13,20,-1,-0.08,"SEC",36,31,122.8,95.2,0.9488,55.3,48.1,15.8,18,31.6,30.2,33.3,34.9,55.4,44.7,36.7,35.4,68.8,9.9,"S16",2,"No",7473,5372,3013,27,53,15749,3237,5764,3262,750,3300,86,92,16.5,22,8612,53
"64","University of Texas",13,8,5,14,950,6056,6.37,58,465.8,97,918,5609,6.11,41,42,431.5,115,100,164,28,292,115,100,164,28,292,118,7,19,0.368,18,8,20,0.4,98,21,51,472,1,22.48,98,21,51,472,1,22.48,20,470,306,10,3761,8,12.29,32,289.3,127,305,481,3803,28,7.91,12.47,292.5,120,95,890,68.46,12,9,30,0,3.33,12,9,30,0,3.33,12,50,22,17,7,46,0.92,104,51,12,17,16,45,0.882,48,480,2295,4.78,26,176.5,45,437,1806,4.13,13,138.9,111,36,199,2.77,65,42,38,2,0,21,0,357,27.5,17,59,56,2,1,14,0,458,35.2,41,72,22,282,83,6.4,7,184,90,0.489,63,72,184,0.391,42,"   400:06","   30:46",33,7,12,19,4,10,14,5,0.38,"B12",37,21,113.3,93.7,0.899,50.9,48.7,16.2,18.9,28.1,29.5,29.7,29.7,49.8,46.2,34.8,35.4,66.1,-0.5,NA,NA,"No",14752,9572,5329,48,85,30017,5189,5130,3309,650,3140,91,99,19.7,11,7837,65
"65","Texas A&M University",13,8,5,72,881,5128,5.82,46,394.5,29,842,4423,5.25,32,35,340.2,43,101,127,22,250,43,101,127,22,250,23,7,11,0.636,115,9,14,0.643,106,28,46,656,0,23.43,106,28,46,656,0,23.43,64,452,273,10,3060,6.77,11.21,22,235.4,41,232,425,2724,19,6.41,11.74,209.5,76,87,720,55.38,128,18,281,1,15.61,128,18,281,1,15.61,41,58,18,16,17,51,0.879,67,37,11,10,10,31,0.838,68,429,2068,4.82,24,159.1,30,417,1699,4.07,13,130.7,107,34,200,2.62,37,35,33,0,0,16,1,293,22.5,62,47,46,1,0,18,0,384,29.5,28,65,50,386,90,6.9,66,160,64,0.4,15,55,174,0.316,11,"   430:26","   33:06",100,4,10,14,10,10,20,-6,-0.46,"SEC",32,14,106.4,98.3,0.7129,49.3,49.3,20,18.5,32.7,32.5,34.2,27,51,49.1,30.8,33.1,69,-4.4,NA,NA,"No",14474,10519,6392,49,85,31643,2798,5130,3412,600,2144,89,91,23.1,29,8471,69
"66","Tulane University",13,7,6,22,948,5841,6.16,52,449.3,51,892,4901,5.49,41,43,377,43,109,120,21,250,43,109,120,21,250,41,20,34,0.588,77,14,26,0.538,58,25,38,508,0,20.32,58,25,38,508,0,20.32,89,336,197,10,2679,7.97,13.6,19,206.1,54,228,422,2869,23,6.8,12.58,220.7,118,103,883,67.92,113,11,134,0,12.18,113,11,134,0,12.18,27,49,26,9,9,44,0.898,53,49,13,12,15,40,0.816,11,612,3162,5.17,33,243.2,62,470,2032,4.32,18,156.3,71,28,186,2.15,56,43,36,0,0,16,0,342,26.3,30,56,55,0,0,13,0,430,33.1,85,62,20,259,72,5.5,78,180,70,0.389,61,76,195,0.39,47,"   397:52","   30:36",78,4,12,16,8,10,18,-2,-0.15,"Amer",31,4,97,105,0.2856,47.1,50.6,21,15.1,27,30.9,32.8,31.6,46.7,50.7,31.8,33.6,71.2,-17.2,NA,NA,"Yes",7033,5125,1223,47,75,4941,1534,19040,5950,350,800,98,98,9.1,21,16920,74
"67","University of Tulsa",12,4,8,53,947,5036,5.32,38,419.7,70,835,4737,5.67,43,48,394.8,26,103,99,31,233,26,103,99,31,233,51,13,23,0.565,117,21,31,0.677,54,49,9,985,1,20.1,54,49,9,985,1,20.1,30,444,254,9,3376,7.6,13.29,20,281.3,42,191,339,2516,14,7.42,13.17,209.7,130,109,949,79.08,86,23,208,0,9.04,86,23,208,0,9.04,80,49,16,10,14,40,0.816,22,43,19,4,10,33,0.767,95,503,1660,3.3,18,138.3,90,496,2221,4.48,29,185.1,123,39,242,3.25,92,48,44,0,0,14,1,376,31.3,84,39,38,0,0,15,0,317,26.4,103,46,30,201,61,5.1,37,205,88,0.429,28,61,179,0.341,46,"   367:51","   30:39",75,13,5,18,10,9,19,-1,-0.08,"Amer",32,18,104.8,99.2,0.6507,51.2,48.1,18,17.6,23,29.4,43.4,30.3,51.3,47.3,34,32.8,70.1,-3.5,NA,NA,"Yes",1712,1557,696,41,68,2936,433,11750,4160,1200,2350,94,96,11.5,10,11743,47
"68","University of Alabama at Birmingham",14,9,5,105,896,4926,5.5,36,351.9,8,897,4226,4.71,35,38,301.9,33,88,101,51,240,33,88,101,51,240,106,8,20,0.4,25,12,29,0.414,107,16,52,376,0,23.5,107,16,52,376,0,23.5,94,338,192,20,2815,8.33,14.66,20,201.1,8,217,420,2571,22,6.12,11.85,183.6,124,101,992,70.86,34,19,109,1,5.74,34,19,109,1,5.74,78,44,15,6,15,36,0.818,60,46,10,19,9,38,0.826,76,558,2111,3.78,16,150.8,20,477,1655,3.47,13,118.2,49,25,163,1.79,28,38,33,1,0,13,0,302,21.6,102,38,37,0,0,19,1,324,23.1,14,83,46,400,106,7.6,121,182,57,0.313,3,53,187,0.283,30,"   442:37","   31:36",109,13,7,20,8,20,28,-8,-0.57,"CUSA",33,20,106.2,105.1,0.5307,50.4,49.4,16.8,17.9,30.6,26.2,31.8,31.6,51.3,48.1,32.6,33.9,66.4,-7.4,NA,NA,"No",1797,1260,938,24,35,6960,4698,4440,5175,750,2200,96,96,6.7,16,16352,33
"69","University of Central Florida",13,10,3,2,1016,7026,6.92,70,540.5,32,985,4499,4.57,31,36,346.1,63,111,120,31,262,63,111,120,31,262,47,19,33,0.576,114,16,25,0.64,99,33,52,743,1,22.52,99,33,52,743,1,22.52,8,457,271,8,4117,9.01,15.19,36,316.7,26,230,439,2593,17,5.91,11.27,199.5,126,111,952,73.23,122,10,137,1,13.7,122,10,137,1,13.7,90,57,20,13,12,45,0.789,65,43,12,12,12,36,0.837,19,559,2909,5.2,34,223.8,53,546,1906,3.49,14,146.6,53,24,140,1.85,41,36,31,2,0,16,0,299,23,5,74,71,1,0,15,1,564,43.4,1,89,56,436,117,9,61,200,81,0.405,5,63,215,0.293,123,"   344:14","   26:28",27,8,13,21,7,8,15,6,0.46,"Amer",33,24,112.7,93.3,0.898,52.9,45.4,17.6,18,29.5,29.6,45.3,29.2,52,44.5,36.5,31.3,66.4,2,"R32",9,"No",6986,2959,1918,25,60,12330,7152,6618,4234,700,1600,80,98,22.2,9,6742,46
"70","University of Connecticut",12,2,10,108,810,4136,5.11,27,344.7,116,800,5602,7,62,67,466.8,110,130,126,28,284,110,130,126,28,284,106,10,25,0.4,18,6,15,0.4,119,30,12,736,0,24.53,119,30,12,736,0,24.53,81,382,228,15,2592,6.79,11.37,14,216,93,219,343,2919,28,8.51,13.33,243.3,61,74,618,51.5,25,21,108,0,5.14,25,21,108,0,5.14,103,35,12,9,6,27,0.771,126,53,27,18,4,49,0.925,108,428,1544,3.61,13,128.7,123,457,2683,5.87,34,223.6,109,33,202,2.75,128,67,66,0,0,6,0,486,40.5,120,28,27,1,0,10,0,227,18.9,129,29,36,201,47,3.9,127,163,48,0.294,126,67,134,0.5,17,"   391:27","   32:37",113,7,7,14,7,15,22,-8,-0.67,"Amer",33,16,107.8,101,0.6797,51,49.6,18.5,20,32.3,30.2,32.7,39.2,50.7,49.2,34.4,33.5,70.4,-5.7,NA,NA,"No",9735,7187,2064,23,63,12478,1660,11656,5072,700,2300,89,95,16,16,10178,71
"71","University of Utah",14,11,3,48,912,6006,6.59,54,429,2,813,3769,4.64,25,25,269.2,6,71,116,21,208,6,71,116,21,208,94,11,25,0.44,82,12,22,0.545,31,33,41,630,0,19.09,31,33,41,630,0,19.09,69,321,233,4,3187,9.93,13.68,20,227.6,13,247,436,2624,16,6.02,10.62,187.4,103,103,862,61.57,115,11,135,0,12.27,115,11,135,0,12.27,57,55,29,8,10,47,0.855,15,31,6,8,9,23,0.742,32,591,2819,4.77,34,201.4,3,377,1145,3.04,9,81.8,54,26,154,1.86,6,25,23,1,0,11,1,210,15,38,60,57,1,0,11,0,452,32.3,72,64,34,369,81,5.8,17,175,81,0.463,9,53,176,0.301,3,"   480:36","   34:19",17,8,14,22,9,4,13,9,0.64,"P12",31,17,113.9,106.4,0.6862,55,52.3,19.2,14.7,31,27.1,35.5,32.5,54.6,51.7,37,35.6,67.6,-4.2,NA,NA,"No",5095,4491,2400,27,53,13894,8374,6857,3975,858,3093,89,93,12.8,9,9275,37
"72","University of Texas at San Antonio",12,4,8,107,819,4139,5.05,28,344.9,92,790,5149,6.52,49,51,429.1,80,112,133,26,271,80,112,133,26,271,59,17,31,0.548,69,10,19,0.526,37,23,20,446,0,19.39,37,23,20,446,0,19.39,106,366,213,11,2189,5.98,10.28,13,182.4,73,215,339,2770,21,8.17,12.88,230.8,121,89,829,69.08,104,14,154,1,11,104,14,154,1,11,74,34,12,9,7,28,0.824,108,52,18,12,16,46,0.885,64,453,1950,4.3,15,162.5,105,451,2379,5.27,28,198.3,105,31,158,2.58,112,51,47,0,0,18,0,407,33.9,117,31,25,3,0,9,0,244,20.3,6,84,24,344,96,8,100,182,66,0.363,52,55,145,0.379,82,"   351:59","   29:19",103,11,6,17,12,11,23,-6,-0.5,"CUSA",28,17,104.7,101.6,0.5851,49.5,49.5,16.4,18.1,26.1,28.4,26.2,35.6,48,50,34.3,32.5,73.3,-8.8,NA,NA,"No",4217,3100,1686,17,46,9375,5457,4104,5376,452,1200,94,100,25.3,3,4329,50
"73","Vanderbilt University",12,3,9,123,744,3592,4.83,21,299.3,101,798,5239,6.57,48,50,436.6,66,131,109,24,264,66,131,109,24,264,113,8,21,0.381,30,6,14,0.429,83,13,26,279,0,21.46,83,13,26,279,0,21.46,115,381,202,10,2064,5.42,10.22,10,172,66,200,325,2734,23,8.41,13.67,227.8,71,76,649,54.08,46,26,166,1,6.38,46,26,166,1,6.38,124,21,7,4,4,15,0.714,39,46,16,14,7,37,0.804,111,363,1528,4.21,11,127.3,115,473,2505,5.3,25,208.8,86,28,179,2.33,95,50,49,1,0,10,0,381,31.8,125,24,22,1,0,10,0,198,16.5,74,52,34,258,69,5.8,126,166,49,0.295,62,59,151,0.391,87,"   350:01","   29:10",83,5,6,11,3,10,13,-2,-0.17,"SEC",32,9,100.3,100.1,0.5062,48.6,49.5,20.5,16.4,29,29.3,40.6,33.3,50,48,31.1,34.9,68.9,-9.1,NA,NA,"Yes",7791,4690,1499,71,92,5500,90,17865,6525,630,952,93,98,5.8,26,23850,83
"74","University of Virginia",14,9,5,81,962,5445,5.66,51,388.9,48,906,5206,5.75,46,48,371.9,71,117,125,24,266,71,117,125,24,266,55,9,16,0.563,63,13,25,0.52,121,20,58,498,0,24.9,121,20,58,498,0,24.9,33,520,337,15,3748,7.21,11.12,23,267.7,78,231,409,3272,23,8,14.16,233.7,19,66,612,43.71,119,10,129,0,12.9,119,10,129,0,12.9,48,69,25,18,17,60,0.87,70,44,17,10,10,37,0.841,117,442,1697,3.84,28,121.2,40,497,1934,3.89,23,138.1,116,41,238,2.93,62,48,47,0,0,15,0,380,27.1,40,56,51,1,0,20,0,449,32.1,22,76,46,440,99,7.1,22,203,92,0.453,38,67,186,0.36,12,"   462:48","   33:03",85,6,12,18,6,15,21,-3,-0.21,"ACC",38,35,123,89.9,0.9736,55.2,44.7,14.7,17.5,30.4,25.4,29.1,26.3,52.5,45.7,39.5,28.9,60.7,11.1,"Champions",1,"No",15849,5384,2678,74,95,11278,114,12212,3792,500,1000,90,92,9.5,22,13597,95
"75","Virginia Tech",13,8,5,86,883,5007,5.67,46,385.2,42,898,4723,5.26,39,41,363.3,27,92,117,25,234,27,92,117,25,234,11,9,13,0.692,92,17,30,0.567,25,19,49,346,0,18.21,25,19,49,346,0,18.21,86,318,185,8,2718,8.55,14.69,24,209.1,63,238,441,2912,21,6.6,12.24,224,33,69,606,46.62,77,18,155,0,8.61,77,18,155,0,8.61,7,55,18,19,15,52,0.945,14,42,10,13,8,31,0.738,49,565,2289,4.05,22,176.1,46,457,1811,3.96,18,139.3,77,29,202,2.23,46,41,35,2,0,12,0,321,24.7,49,49,48,1,0,19,0,401,30.8,41,58,50,394,83,6.4,81,179,69,0.385,41,76,205,0.371,41,"   400:41","   30:49",90,5,14,19,15,8,23,-4,-0.31,"ACC",35,26,117.8,93.4,0.9357,55.6,49,17.3,21.6,29.6,27.2,31.9,26.3,52.9,49,39.4,32.7,65.1,5,"S16",4,"No",15712,11719,4277,29,53,18511,604,10260,3176,740,2200,85,89,13.8,20,8944,73
"76","Wake Forest University",13,8,5,15,1055,6032,5.72,49,464,84,936,5414,5.78,42,47,416.5,85,109,149,14,272,85,109,149,14,272,105,7,17,0.412,111,15,24,0.625,122,41,16,1039,3,25.34,122,41,16,1039,3,25.34,24,469,282,13,3748,7.99,13.29,31,288.3,101,270,434,3286,26,7.57,12.17,252.8,5,57,460,35.38,129,20,313,0,15.65,129,20,313,0,15.65,44,57,16,15,19,50,0.877,71,51,15,15,13,43,0.843,50,586,2284,3.9,18,175.7,74,502,2128,4.24,16,163.7,44,23,155,1.77,76,47,43,1,0,17,0,378,29.1,42,49,48,0,0,24,0,414,31.8,30,65,44,293,87,6.7,13,229,108,0.472,16,61,192,0.318,58,"   394:05","   30:18",19,11,14,25,4,13,17,8,0.62,"ACC",31,11,103.5,103.2,0.5087,44.8,53.3,19.4,16.1,33.9,27.3,37.6,35.2,44.1,54.7,30.8,34.1,68.9,-7.5,NA,NA,"Yes",5661,2392,903,75,88,3499,172,13850,4360,500,1250,95,97,4.3,37,41766,89
"77","Washington University",13,8,5,79,872,5086,5.83,48,391.2,35,887,4532,5.11,28,30,348.6,55,106,130,23,259,55,106,130,23,259,8,23,32,0.719,107,14,23,0.609,48,29,44,579,0,19.97,48,29,44,579,0,19.97,57,411,263,8,3164,7.7,12.03,24,243.4,56,288,456,2889,13,6.34,10.03,222.2,48,79,639,49.15,22,9,44,0,4.89,22,9,44,0,4.89,19,54,19,14,16,49,0.907,32,43,14,7,13,34,0.791,84,461,1922,4.17,24,147.8,28,431,1643,3.81,15,126.4,40,22,153,1.69,15,30,27,0,0,15,0,252,19.4,41,51,49,1,0,19,1,416,32,87,55,32,320,71,5.5,102,171,61,0.357,45,67,180,0.372,64,"   391:30","   30:06",19,9,13,22,6,8,14,8,0.62,"P12",36,27,105.6,93.1,0.8097,52.1,47.5,19.8,24.2,29.1,34.9,34.7,34,51.9,46,35,33.4,67.3,3.1,"R32",9,"Yes",7654,5259,1254,62,93,4879,1274,18350,5775,768,1512,91,98,3.9,31,45702,90
"78","Washington State University",13,6,7,7,920,6568,7.14,62,505.2,111,886,5882,6.64,50,53,452.5,119,131,139,27,297,119,131,139,27,297,38,13,22,0.591,89,13,23,0.565,38,26,54,506,1,19.46,38,26,54,506,1,19.46,1,710,505,16,5683,8,11.25,50,437.2,114,250,398,3471,23,8.72,13.88,267,98,85,794,61.08,125,8,116,1,14.5,125,8,116,1,14.5,52,71,10,35,16,61,0.859,86,48,22,11,8,41,0.854,129,210,885,4.21,12,68.1,91,488,2411,4.94,27,185.5,29,20,156,1.54,93,53,46,4,0,12,0,408,31.4,11,62,55,1,1,20,0,491,37.8,96,52,32,238,68,5.2,39,141,60,0.426,94,68,162,0.42,80,"   381:23","   29:20",100,9,10,19,9,16,25,-6,-0.46,"P12",32,11,105,108.8,0.3986,52.8,54.7,19.2,17.1,25.2,29.5,30.3,28.4,51.5,54.9,36.4,36.2,71.8,-12.2,NA,NA,"No",6540,5839,2440,31,70,14445,1344,8200,4210,800,2719,84,87,16.9,30,10912,56
"79","Western Michigan University",13,7,6,25,916,5794,6.33,56,445.7,87,932,5456,5.85,39,40,419.7,116,117,153,23,293,116,117,153,23,293,48,16,28,0.571,15,8,21,0.381,61,42,15,857,1,20.4,61,42,15,857,1,20.4,59,413,246,8,3128,7.57,12.72,21,240.6,85,290,434,3095,21,7.13,10.67,238.1,85,82,759,58.38,75,18,154,0,8.56,75,18,154,0,8.56,85,55,22,12,10,44,0.8,52,54,16,13,15,44,0.815,28,503,2666,5.3,35,205.1,89,498,2361,4.74,18,181.6,18,18,122,1.38,50,40,35,1,0,20,0,337,25.9,30,58,52,0,0,10,0,430,33.1,36,63,44,332,85,6.5,23,190,86,0.453,90,76,183,0.415,55,"   394:39","   30:21",19,9,13,22,6,8,14,8,0.62,"MAC",31,8,98.3,105,0.3189,48,52.1,21.7,15.2,29.7,27.6,36.7,29.9,49.4,50.1,30.5,36.9,70.5,-15.2,NA,NA,"No",9167,7191,2738,24,53,15739,4278,6940,4100,500,1700,80,84,24.7,11,5983,55
"80","University of Wisconsin",14,10,4,38,963,6065,6.3,56,433.2,4,839,4020,4.79,29,30,287.1,23,78,121,28,227,23,78,121,28,227,3,18,23,0.783,37,12,27,0.444,6,16,69,272,0,17,6,16,69,272,0,17,96,351,246,5,2802,7.98,11.39,18,200.1,12,214,415,2623,18,6.32,12.26,187.4,28,69,636,45.43,58,15,104,0,6.93,58,15,104,0,6.93,47,54,27,9,11,47,0.87,11,36,9,11,6,26,0.722,15,612,3263,5.33,38,233.1,6,424,1397,3.29,11,99.8,23,20,121,1.43,10,30,25,1,0,10,0,237,16.9,23,62,61,0,0,14,1,477,34.1,38,81,20,444,91,6.5,9,189,91,0.481,1,48,176,0.273,1,"   498:48","   35:37",61,10,12,22,17,5,22,0,0,"B10",34,23,108.2,88.6,0.9089,51.1,45.2,14.6,17.2,24.5,26.5,27.3,25.8,49.7,44.1,35.9,31.5,65,6.3,"R64",5,"No",14901,10932,4631,36,80,23945,2200,9096,4290,535,1545,93,96,11.5,20,11006,72
"81","University of Wyoming",13,8,5,106,831,4562,5.49,38,350.9,43,941,4729,5.03,25,25,363.8,71,90,154,22,266,71,90,154,22,266,77,6,12,0.5,52,12,25,0.48,50,17,44,340,0,20,50,17,44,340,0,20,123,256,120,9,1770,6.91,14.75,11,136.2,105,266,464,3337,15,7.19,12.55,256.7,43,67,634,48.77,59,21,146,0,6.95,59,21,146,0,6.95,75,45,21,5,11,37,0.822,6,45,10,6,15,31,0.689,23,575,2792,4.86,27,214.8,11,477,1392,2.92,10,107.1,32,21,142,1.62,11,25,24,0,0,19,0,231,17.8,91,41,37,1,0,15,0,330,25.4,41,60,46,334,83,6.4,32,187,81,0.433,47,75,200,0.375,48,"   397:45","   30:35",33,8,12,20,6,9,15,5,0.38,"MWC",31,8,94.2,106.6,0.1954,49.1,51.7,19.9,17.4,15.9,28.8,39.1,34.4,47.1,51.6,34.5,34.6,69.9,-17.6,NA,NA,"No",2029,1516,1073,23,46,7535,1488,5988,3422,600,1500,91,94,15.1,13,8745,45
